selection_id	evaluation_role	scope	outer_fold	sqrt_s_tev	luminosity_fb_inverse	luminosity_pb_inverse_internal	yield_interpretation	signal_total_rows	signal_selected_rows	signal_negative_weight_rows	signal_selected_negative_weight_rows	signal_total_signed_yield	signal_selected_signed_yield	signal_total_sumw2	signal_selected_sumw2	signal_physical_efficiency	signal_raw_efficiency	signal_total_effective_events	signal_selected_effective_events	signal_finite_mc_relative_uncertainty	background_total_rows	background_selected_rows	background_negative_weight_rows	background_selected_negative_weight_rows	background_total_signed_yield	background_selected_signed_yield	background_total_sumw2	background_selected_sumw2	background_physical_efficiency	background_raw_efficiency	background_total_effective_events	background_selected_effective_events	background_finite_mc_relative_uncertainty	background_rejection	signal_over_background	asimov_significance_stat_only	systematics_included	official_cms_result	validation_payloads_opened	test_payloads_opened
nested_outer_oof	primary_train_only_generalization_estimate_pooled_nested_outer_oof	exact3tag	pooled	13.0	138.0	138000.0	Run-2 expected-yield projection	27676	16201	0	0	233.62584936620613	143.16240598737429	3.040840964608016	1.88489309834692	0.6127849566978724	0.5853808353808354	17949.323271865713	10873.547420842391	0.0095899065153868	81002	40426	2	1	166275898.12377232	48637480.35308288	144409476709488.1	38899645674347.49	0.2925107060127148	0.4990740969358781	191.45332374887408	60.81300880991133	0.1282335762721819	3.4186782891855323	2.943458521043637e-06	0.0205278393989656	False	False	0	0
nested_outer_oof	primary_train_only_generalization_estimate_pooled_nested_outer_oof	ge4tag	pooled	13.0	138.0	138000.0	Run-2 expected-yield projection	9337	5483	0	0	79.2373685205979	47.8081705453805	1.0327529105067936	0.6273897571096627	0.6033538397095138	0.5872335868051837	6079.441177258959	3643.064211672616	0.0165678665194685	21368	6379	0	0	9211825.27867382	1470751.5038337412	6800874306537.926	744954234390.6675	0.1596590750845719	0.2985305129165106	12.477472915980409	2.90368171113024	0.5868478197159438	6.2633458165174565	3.250594707587319e-05	0.0394212255415419	False	False	0	0
nested_outer_oof	primary_train_only_generalization_estimate_pooled_nested_outer_oof	combined	pooled	13.0	138.0	138000.0	Run-2 expected-yield projection	37013	21684	0	0	312.8632178868041	190.9705765327548	4.073593875114809	2.5122828554565824	0.610396382875053	0.5858482154918542	24028.75596029492	14516.582407128974	0.008299803454569	102370	46805	2	1	175487723.40244615	50108231.85691661	151210351016026.0	39644599908738.16	0.2855369645545139	0.457214027547133	203.66291631522995	63.33359160154102	0.1256559162804413	3.502173533154173	3.8111617483943296e-06	0.0269781176457127	False	False	0	0
historical_rhh125125_lt34	fixed_historical_comparator_on_category_matched_train_universe	exact3tag	pooled	13.0	138.0	138000.0	Run-2 expected-yield projection	27676	15422	0	0	233.62584936620613	136.84117856357693	3.040840964608016	1.8034834841480716	0.5857279018345259	0.5572337042925278	17949.323271865713	10382.96625129023	0.0098138469062881	81002	38008	2	1	166275898.12377232	47183286.17464262	144409476709488.1	40432426114040.94	0.2837650357451106	0.4692229821485889	191.45332374887408	55.06131360900724	0.1347648759532534	3.524042337965277	2.900204493113888e-06	0.0199215214587102	False	False	0	0
historical_rhh125125_lt34	fixed_historical_comparator_on_category_matched_train_universe	ge4tag	pooled	13.0	138.0	138000.0	Run-2 expected-yield projection	9337	5477	0	0	79.2373685205979	47.88325924201004	1.0327529105067936	0.6287870964810958	0.6043014821922399	0.5865909821141694	6079.441177258959	3646.3956217754094	0.0165602964453428	21368	6323	0	0	9211825.27867382	1470056.8034396332	6800874306537.926	744954190979.6759	0.1595836611060072	0.2959097716211157	12.477472915980409	2.900939455749852	0.5871251275469059	6.266305667318451	3.25723870873377e-05	0.0394924691710572	False	False	0	0
historical_rhh125125_lt34	fixed_historical_comparator_on_category_matched_train_universe	combined	pooled	13.0	138.0	138000.0	Run-2 expected-yield projection	37013	20899	0	0	312.8632178868041	184.724437805587	4.073593875114809	2.432270580629168	0.5904319435607848	0.5646394510037014	24028.75596029492	14029.326422129969	0.0084427045190506	102370	44331	2	1	175487723.40244615	48653342.97808226	151210351016026.0	41177380305020.62	0.2772464194917242	0.433046791052066	203.66291631522995	57.48660467004717	0.1318914584401233	3.606899601564917	3.796747078382736e-06	0.0264830338497407	False	False	0	0
fixed_nominal_deployment_cut	secondary_fixed_frozen_deployment_selection_train_diagnostic	exact3tag	pooled	13.0	138.0	138000.0	Run-2 expected-yield projection	27676	16221	0	0	233.62584936620613	143.48953262405917	3.040840964608016	1.8897020616368736	0.6141851726310507	0.5861034831623066	17949.323271865713	10895.49849717388	0.0095802412896734	81002	40384	2	1	166275898.12377232	50623055.01308942	144409476709488.1	42137179286881.71	0.3044521520214954	0.4985555912199699	191.45332374887408	60.81787490830227	0.128228446121858	3.284588377386133	2.8344700371591085e-06	0.0201672109272167	False	False	0	0
fixed_nominal_deployment_cut	secondary_fixed_frozen_deployment_selection_train_diagnostic	ge4tag	pooled	13.0	138.0	138000.0	Run-2 expected-yield projection	9337	5459	0	0	79.2373685205979	47.79804508436722	1.0327529105067936	0.6279007752760725	0.6032260532723526	0.5846631680411267	6079.441177258959	3638.557561714581	0.0165781236705711	21368	6304	0	0	9211825.27867382	1469250.5617876018	6800874306537.926	744954101720.0022	0.1594961386413879	0.2950205915387495	12.477472915980409	2.897758678459562	0.5874472734332242	6.2697442616363634	3.2532262588494425e-05	0.0394330025719292	False	False	0	0
fixed_nominal_deployment_cut	secondary_fixed_frozen_deployment_selection_train_diagnostic	combined	pooled	13.0	138.0	138000.0	Run-2 expected-yield projection	37013	21680	0	0	312.8632178868041	191.28757770842637	4.073593875114809	2.517602836912946	0.6114096089673137	0.5857401453543349	24028.75596029492	14534.038828151548	0.0082948176279987	102370	46688	2	1	175487723.40244615	52092305.57487701	151210351016026.0	42882133388601.71	0.2968430187872098	0.4560711145843509	203.66291631522995	63.280627283988	0.1257084907265573	3.368783958893923	3.672088912122949e-06	0.026503285331277	False	False	0	0
