index_source	index_ordinal	sample_class	process_or_mode	campaign	member_name	member_type	size_bytes	content_opened	content_extracted	status
canary	1	signal	ggf_hh4b	ggf_hh4b_ml_ext20k_frozen_v2_20260716	./hepmc/HH4b_ggf_ggf_hh4b_ml_ext20k_frozen_v2_20260716_shard000_seed86000_pythia8.hepmc	regular_file	277191545	False	False	payload_identified_and_protected
canary	2	signal	vbf_hh4b	vbf_hh4b_sm_pilot10k_20260722_v1	./root/vbf_hh4b_sm_run2_frozen_v2_pilot_shard9301_10k_delphes.root	regular_file	894255671	False	False	payload_identified_and_protected
canary	2	signal	vbf_hh4b	vbf_hh4b_sm_pilot10k_20260722_v1	./parquet/vbf_hh4b_sm_run2_frozen_v2_pilot_shard9301_10k_event_summary.parquet	regular_file	245562	False	False	payload_identified_and_protected
canary	2	signal	vbf_hh4b	vbf_hh4b_sm_pilot10k_20260722_v1	./parquet/vbf_hh4b_sm_run2_frozen_v2_pilot_shard9301_10k_hh4b_candidates_v2.parquet	regular_file	266578	False	False	payload_identified_and_protected
canary	2	signal	vbf_hh4b	vbf_hh4b_sm_pilot10k_20260722_v1	./source/unweighted_events.lhe.gz	regular_file	11199528	False	False	payload_identified_and_protected
canary	3	background	ttbar_inclusive	unified_background_5m_wavea_proven111_20260720_v1	./parquet/ttbar_inclusive_run2_frozen_v2_unified5m_wavea_shard001_10k_hh4b_candidates_v2.parquet	regular_file	64462	False	False	payload_identified_and_protected
canary	3	background	ttbar_inclusive	unified_background_5m_wavea_proven111_20260720_v1	./parquet/ttbar_inclusive_run2_frozen_v2_unified5m_wavea_shard001_10k_event_summary.parquet	regular_file	249747	False	False	payload_identified_and_protected
canary	3	background	ttbar_inclusive	unified_background_5m_wavea_proven111_20260720_v1	./root/ttbar_inclusive_run2_frozen_v2_unified5m_wavea_shard001_10k_delphes.root	regular_file	924652710	False	False	payload_identified_and_protected
canary	3	background	ttbar_inclusive	unified_background_5m_wavea_proven111_20260720_v1	./source/unweighted_events.lhe.gz	regular_file	10807538	False	False	payload_identified_and_protected
canary	4	background	qcd_bbbb_general	unified_background_5m_wavea_proven111_20260720_v1	./root/qcd_bbbb_general_run2_frozen_v2_unified5m_wavea_shard001_10k_delphes.root	regular_file	870890574	False	False	payload_identified_and_protected
canary	4	background	qcd_bbbb_general	unified_background_5m_wavea_proven111_20260720_v1	./parquet/qcd_bbbb_general_run2_frozen_v2_unified5m_wavea_shard001_10k_event_summary.parquet	regular_file	245128	False	False	payload_identified_and_protected
canary	4	background	qcd_bbbb_general	unified_background_5m_wavea_proven111_20260720_v1	./parquet/qcd_bbbb_general_run2_frozen_v2_unified5m_wavea_shard001_10k_hh4b_candidates_v2.parquet	regular_file	189794	False	False	payload_identified_and_protected
canary	4	background	qcd_bbbb_general	unified_background_5m_wavea_proven111_20260720_v1	./source/unweighted_events.lhe.gz	regular_file	11725729	False	False	payload_identified_and_protected
canary	5	background	qcd_hardqcd	qcd_hardqcd_importance_adaptive500k_phys_20260717_0022	./parquet/qcd_hardqcd_importance_adaptive500k_phys_20260717_0022_bin00_pthat50to75_shard1819_seed1201819_hh4b_candidates_v2.parquet	regular_file	600	False	False	payload_identified_and_protected
canary	5	background	qcd_hardqcd	qcd_hardqcd_importance_adaptive500k_phys_20260717_0022	./parquet/qcd_hardqcd_importance_adaptive500k_phys_20260717_0022_bin00_pthat50to75_shard1819_seed1201819_event_summary.parquet	regular_file	237299	False	False	payload_identified_and_protected
canary	5	background	qcd_hardqcd	qcd_hardqcd_importance_adaptive500k_phys_20260717_0022	./hepmc/qcd_hardqcd_importance_adaptive500k_phys_20260717_0022_bin00_pthat50to75_shard1819_seed1201819.hepmc	regular_file	2456006502	False	False	payload_identified_and_protected
canary	5	background	qcd_hardqcd	qcd_hardqcd_importance_adaptive500k_phys_20260717_0022	./root/qcd_hardqcd_importance_adaptive500k_phys_20260717_0022_bin00_pthat50to75_shard1819_seed1201819_delphes.root	regular_file	788155996	False	False	payload_identified_and_protected
canary	6	background	ttz_zbb	unified_background_5m_waveb_priority_pilots10k_20260721_v1	./root/ttz_zbb_run2_frozen_v2_waveb_pilot_shard1002_10000evt_delphes.root	regular_file	1010039021	False	False	payload_identified_and_protected
canary	6	background	ttz_zbb	unified_background_5m_waveb_priority_pilots10k_20260721_v1	./parquet/ttz_zbb_run2_frozen_v2_waveb_pilot_shard1002_10000evt_event_summary.parquet	regular_file	249963	False	False	payload_identified_and_protected
canary	6	background	ttz_zbb	unified_background_5m_waveb_priority_pilots10k_20260721_v1	./parquet/ttz_zbb_run2_frozen_v2_waveb_pilot_shard1002_10000evt_hh4b_candidates_v2.parquet	regular_file	468374	False	False	payload_identified_and_protected
canary	6	background	ttz_zbb	unified_background_5m_waveb_priority_pilots10k_20260721_v1	./source/unweighted_events.lhe.gz	regular_file	12876263	False	False	payload_identified_and_protected
scaleout	1	background	bbh_hbb_4fs	bbh_hbb_4fs_pilot10k_20260722_v1	./root/bbh_hbb_4fs_run2_frozen_v2_pilot_shard9602_10k_delphes.root	regular_file	878486001	False	False	payload_identified_and_protected
scaleout	1	background	bbh_hbb_4fs	bbh_hbb_4fs_pilot10k_20260722_v1	./parquet/bbh_hbb_4fs_run2_frozen_v2_pilot_shard9602_10k_event_summary.parquet	regular_file	245084	False	False	payload_identified_and_protected
scaleout	1	background	bbh_hbb_4fs	bbh_hbb_4fs_pilot10k_20260722_v1	./parquet/bbh_hbb_4fs_run2_frozen_v2_pilot_shard9602_10k_hh4b_candidates_v2.parquet	regular_file	175757	False	False	payload_identified_and_protected
scaleout	1	background	bbh_hbb_4fs	bbh_hbb_4fs_pilot10k_20260722_v1	./source/unweighted_events.lhe.gz	regular_file	10964233	False	False	payload_identified_and_protected
scaleout	2	background	bbh_hbb_4fs	bbh_hbb_4fs_scaleout40k_20260722_v1	./root/bbh_hbb_4fs_run2_frozen_v2_train_shard9801_10k_delphes.root	regular_file	869868967	False	False	payload_identified_and_protected
scaleout	2	background	bbh_hbb_4fs	bbh_hbb_4fs_scaleout40k_20260722_v1	./parquet/bbh_hbb_4fs_run2_frozen_v2_train_shard9801_10k_event_summary.parquet	regular_file	245101	False	False	payload_identified_and_protected
scaleout	2	background	bbh_hbb_4fs	bbh_hbb_4fs_scaleout40k_20260722_v1	./parquet/bbh_hbb_4fs_run2_frozen_v2_train_shard9801_10k_hh4b_candidates_v2.parquet	regular_file	176005	False	False	payload_identified_and_protected
scaleout	2	background	bbh_hbb_4fs	bbh_hbb_4fs_scaleout40k_20260722_v1	./source/unweighted_events.lhe.gz	regular_file	10957080	False	False	payload_identified_and_protected
scaleout	3	background	ggh_hbb	ggh_hbb_pilot10k_20260722_v1	./root/ggh_hbb_run2_frozen_v2_pilot_shard9601_10k_delphes.root	regular_file	798295753	False	False	payload_identified_and_protected
scaleout	3	background	ggh_hbb	ggh_hbb_pilot10k_20260722_v1	./parquet/ggh_hbb_run2_frozen_v2_pilot_shard9601_10k_event_summary.parquet	regular_file	241098	False	False	payload_identified_and_protected
scaleout	3	background	ggh_hbb	ggh_hbb_pilot10k_20260722_v1	./parquet/ggh_hbb_run2_frozen_v2_pilot_shard9601_10k_hh4b_candidates_v2.parquet	regular_file	49700	False	False	payload_identified_and_protected
scaleout	3	background	ggh_hbb	ggh_hbb_pilot10k_20260722_v1	./source/unweighted_events.lhe.gz	regular_file	7915519	False	False	payload_identified_and_protected
scaleout	4	background	ggh_hbb	ggh_hbb_scaleout90k_20260722_v1	./root/ggh_hbb_run2_frozen_v2_train_shard9701_10k_delphes.root	regular_file	790083998	False	False	payload_identified_and_protected
scaleout	4	background	ggh_hbb	ggh_hbb_scaleout90k_20260722_v1	./parquet/ggh_hbb_run2_frozen_v2_train_shard9701_10k_event_summary.parquet	regular_file	241283	False	False	payload_identified_and_protected
scaleout	4	background	ggh_hbb	ggh_hbb_scaleout90k_20260722_v1	./parquet/ggh_hbb_run2_frozen_v2_train_shard9701_10k_hh4b_candidates_v2.parquet	regular_file	51180	False	False	payload_identified_and_protected
scaleout	4	background	ggh_hbb	ggh_hbb_scaleout90k_20260722_v1	./source/unweighted_events.lhe.gz	regular_file	7917098	False	False	payload_identified_and_protected
scaleout	5	background	qcd_bbbb_general	unified_background_5m_wavea_pilots_20260720_retry1	./root/qcd_bbbb_general_run2_frozen_v2_unified5m_pilot_shard000_10k_delphes.root	regular_file	880255823	False	False	payload_identified_and_protected
scaleout	5	background	qcd_bbbb_general	unified_background_5m_wavea_pilots_20260720_retry1	./parquet/qcd_bbbb_general_run2_frozen_v2_unified5m_pilot_shard000_10k_event_summary.parquet	regular_file	245150	False	False	payload_identified_and_protected
scaleout	5	background	qcd_bbbb_general	unified_background_5m_wavea_pilots_20260720_retry1	./parquet/qcd_bbbb_general_run2_frozen_v2_unified5m_pilot_shard000_10k_hh4b_candidates_v2.parquet	regular_file	172299	False	False	payload_identified_and_protected
scaleout	5	background	qcd_bbbb_general	unified_background_5m_wavea_pilots_20260720_retry1	./source/unweighted_events.lhe.gz	regular_file	11728558	False	False	payload_identified_and_protected
scaleout	6	background	qcd_bbbb_iht400to600	unified_background_5m_wavea_pilots_20260720_retry1	./root/qcd_bbbb_iht400to600_run2_frozen_v2_unified5m_pilot_shard000_10k_delphes.root	regular_file	976722042	False	False	payload_identified_and_protected
scaleout	6	background	qcd_bbbb_iht400to600	unified_background_5m_wavea_pilots_20260720_retry1	./parquet/qcd_bbbb_iht400to600_run2_frozen_v2_unified5m_pilot_shard000_10k_hh4b_candidates_v2.parquet	regular_file	607470	False	False	payload_identified_and_protected
scaleout	6	background	qcd_bbbb_iht400to600	unified_background_5m_wavea_pilots_20260720_retry1	./parquet/qcd_bbbb_iht400to600_run2_frozen_v2_unified5m_pilot_shard000_10k_event_summary.parquet	regular_file	245930	False	False	payload_identified_and_protected
scaleout	6	background	qcd_bbbb_iht400to600	unified_background_5m_wavea_pilots_20260720_retry1	./source/unweighted_events.lhe.gz	regular_file	12083369	False	False	payload_identified_and_protected
scaleout	7	background	qcd_bbbb_iht400to600	unified_background_5m_wavea_proven111_20260720_v1	./root/qcd_bbbb_iht400to600_run2_frozen_v2_unified5m_wavea_shard001_10k_delphes.root	regular_file	973134555	False	False	payload_identified_and_protected
scaleout	7	background	qcd_bbbb_iht400to600	unified_background_5m_wavea_proven111_20260720_v1	./parquet/qcd_bbbb_iht400to600_run2_frozen_v2_unified5m_wavea_shard001_10k_event_summary.parquet	regular_file	245756	False	False	payload_identified_and_protected
scaleout	7	background	qcd_bbbb_iht400to600	unified_background_5m_wavea_proven111_20260720_v1	./parquet/qcd_bbbb_iht400to600_run2_frozen_v2_unified5m_wavea_shard001_10k_hh4b_candidates_v2.parquet	regular_file	610303	False	False	payload_identified_and_protected
scaleout	7	background	qcd_bbbb_iht400to600	unified_background_5m_wavea_proven111_20260720_v1	./source/unweighted_events.lhe.gz	regular_file	12067140	False	False	payload_identified_and_protected
scaleout	8	background	qcd_hardqcd	qcd_hardqcd_importance_adaptive1500k_phys_wave3_20260718	./hepmc/qcd_hardqcd_importance_adaptive1500k_phys_wave3_20260718_bin00_pthat50to75_shard1033_seed1201033.hepmc	regular_file	2438496134	False	False	payload_identified_and_protected
scaleout	8	background	qcd_hardqcd	qcd_hardqcd_importance_adaptive1500k_phys_wave3_20260718	./root/qcd_hardqcd_importance_adaptive1500k_phys_wave3_20260718_bin00_pthat50to75_shard1033_seed1201033_delphes.root	regular_file	782431250	False	False	payload_identified_and_protected
scaleout	8	background	qcd_hardqcd	qcd_hardqcd_importance_adaptive1500k_phys_wave3_20260718	./parquet/qcd_hardqcd_importance_adaptive1500k_phys_wave3_20260718_bin00_pthat50to75_shard1033_seed1201033_event_summary.parquet	regular_file	237253	False	False	payload_identified_and_protected
scaleout	8	background	qcd_hardqcd	qcd_hardqcd_importance_adaptive1500k_phys_wave3_20260718	./parquet/qcd_hardqcd_importance_adaptive1500k_phys_wave3_20260718_bin00_pthat50to75_shard1033_seed1201033_hh4b_candidates_v2.parquet	regular_file	600	False	False	payload_identified_and_protected
scaleout	9	background	qcd_hardqcd	qcd_hardqcd_importance_adaptive500k_phys_wave2_20260717	./hepmc/qcd_hardqcd_importance_adaptive500k_phys_wave2_20260717_bin00_pthat50to75_shard9773_seed1209773.hepmc	regular_file	2434516917	False	False	payload_identified_and_protected
scaleout	9	background	qcd_hardqcd	qcd_hardqcd_importance_adaptive500k_phys_wave2_20260717	./root/qcd_hardqcd_importance_adaptive500k_phys_wave2_20260717_bin00_pthat50to75_shard9773_seed1209773_delphes.root	regular_file	781543412	False	False	payload_identified_and_protected
scaleout	9	background	qcd_hardqcd	qcd_hardqcd_importance_adaptive500k_phys_wave2_20260717	./parquet/qcd_hardqcd_importance_adaptive500k_phys_wave2_20260717_bin00_pthat50to75_shard9773_seed1209773_event_summary.parquet	regular_file	237223	False	False	payload_identified_and_protected
scaleout	9	background	qcd_hardqcd	qcd_hardqcd_importance_adaptive500k_phys_wave2_20260717	./parquet/qcd_hardqcd_importance_adaptive500k_phys_wave2_20260717_bin00_pthat50to75_shard9773_seed1209773_hh4b_candidates_v2.parquet	regular_file	600	False	False	payload_identified_and_protected
scaleout	10	background	qcd_hardqcd	qcd_hardqcd_importance_testfill_bin3_10k_20260717	./hepmc/qcd_hardqcd_importance_testfill_bin3_10k_20260717_bin03_pthat200to300_shard3909_seed1233909.hepmc	regular_file	2734664116	False	False	payload_identified_and_protected
scaleout	10	background	qcd_hardqcd	qcd_hardqcd_importance_testfill_bin3_10k_20260717	./root/qcd_hardqcd_importance_testfill_bin3_10k_20260717_bin03_pthat200to300_shard3909_seed1233909_delphes.root	regular_file	926683640	False	False	payload_identified_and_protected
scaleout	10	background	qcd_hardqcd	qcd_hardqcd_importance_testfill_bin3_10k_20260717	./parquet/qcd_hardqcd_importance_testfill_bin3_10k_20260717_bin03_pthat200to300_shard3909_seed1233909_event_summary.parquet	regular_file	245094	False	False	payload_identified_and_protected
scaleout	10	background	qcd_hardqcd	qcd_hardqcd_importance_testfill_bin3_10k_20260717	./parquet/qcd_hardqcd_importance_testfill_bin3_10k_20260717_bin03_pthat200to300_shard3909_seed1233909_hh4b_candidates_v2.parquet	regular_file	49689	False	False	payload_identified_and_protected
scaleout	11	background	schannel_single_top	unified_background_5m_single_top_pilot50k_20260722_v1	./parquet/schannel_single_top_run2_frozen_v2_single_top_pilot_shard4203_10kevt_event_summary.parquet	regular_file	246022	False	False	payload_identified_and_protected
scaleout	11	background	schannel_single_top	unified_background_5m_single_top_pilot50k_20260722_v1	./parquet/schannel_single_top_run2_frozen_v2_single_top_pilot_shard4203_10kevt_hh4b_candidates_v2.parquet	regular_file	51911	False	False	payload_identified_and_protected
scaleout	11	background	schannel_single_top	unified_background_5m_single_top_pilot50k_20260722_v1	./root/schannel_single_top_run2_frozen_v2_single_top_pilot_shard4203_10kevt_delphes.root	regular_file	793167294	False	False	payload_identified_and_protected
scaleout	11	background	schannel_single_top	unified_background_5m_single_top_pilot50k_20260722_v1	./source/unweighted_events.lhe.gz	regular_file	10277561	False	False	payload_identified_and_protected
scaleout	12	background	schannel_single_top	unified_background_5m_single_top_scaleout280k_20260722_v1	./root/schannel_single_top_run2_frozen_v2_single_top_scaleout_shard4315_10kevt_delphes.root	regular_file	791880628	False	False	payload_identified_and_protected
scaleout	12	background	schannel_single_top	unified_background_5m_single_top_scaleout280k_20260722_v1	./parquet/schannel_single_top_run2_frozen_v2_single_top_scaleout_shard4315_10kevt_event_summary.parquet	regular_file	245908	False	False	payload_identified_and_protected
scaleout	12	background	schannel_single_top	unified_background_5m_single_top_scaleout280k_20260722_v1	./parquet/schannel_single_top_run2_frozen_v2_single_top_scaleout_shard4315_10kevt_hh4b_candidates_v2.parquet	regular_file	50361	False	False	payload_identified_and_protected
scaleout	12	background	schannel_single_top	unified_background_5m_single_top_scaleout280k_20260722_v1	./source/unweighted_events.lhe.gz	regular_file	10278672	False	False	payload_identified_and_protected
scaleout	13	background	tchannel_antitop	unified_background_5m_single_top_pilot50k_20260722_v1	./root/tchannel_antitop_run2_frozen_v2_single_top_pilot_shard4202_10kevt_delphes.root	regular_file	793981335	False	False	payload_identified_and_protected
scaleout	13	background	tchannel_antitop	unified_background_5m_single_top_pilot50k_20260722_v1	./parquet/tchannel_antitop_run2_frozen_v2_single_top_pilot_shard4202_10kevt_event_summary.parquet	regular_file	247442	False	False	payload_identified_and_protected
scaleout	13	background	tchannel_antitop	unified_background_5m_single_top_pilot50k_20260722_v1	./parquet/tchannel_antitop_run2_frozen_v2_single_top_pilot_shard4202_10kevt_hh4b_candidates_v2.parquet	regular_file	51839	False	False	payload_identified_and_protected
scaleout	13	background	tchannel_antitop	unified_background_5m_single_top_pilot50k_20260722_v1	./source/unweighted_events.lhe.gz	regular_file	10598737	False	False	payload_identified_and_protected
scaleout	14	background	tchannel_antitop	unified_background_5m_single_top_scaleout280k_20260722_v1	./root/tchannel_antitop_run2_frozen_v2_single_top_scaleout_shard4308_10kevt_delphes.root	regular_file	787745787	False	False	payload_identified_and_protected
scaleout	14	background	tchannel_antitop	unified_background_5m_single_top_scaleout280k_20260722_v1	./source/unweighted_events.lhe.gz	regular_file	10599608	False	False	payload_identified_and_protected
scaleout	14	background	tchannel_antitop	unified_background_5m_single_top_scaleout280k_20260722_v1	./parquet/tchannel_antitop_run2_frozen_v2_single_top_scaleout_shard4308_10kevt_event_summary.parquet	regular_file	247641	False	False	payload_identified_and_protected
scaleout	14	background	tchannel_antitop	unified_background_5m_single_top_scaleout280k_20260722_v1	./parquet/tchannel_antitop_run2_frozen_v2_single_top_scaleout_shard4308_10kevt_hh4b_candidates_v2.parquet	regular_file	49064	False	False	payload_identified_and_protected
scaleout	15	background	tchannel_top	unified_background_5m_single_top_pilot50k_20260722_v1	./root/tchannel_top_run2_frozen_v2_single_top_pilot_shard4201_10kevt_delphes.root	regular_file	804174352	False	False	payload_identified_and_protected
scaleout	15	background	tchannel_top	unified_background_5m_single_top_pilot50k_20260722_v1	./parquet/tchannel_top_run2_frozen_v2_single_top_pilot_shard4201_10kevt_event_summary.parquet	regular_file	247009	False	False	payload_identified_and_protected
scaleout	15	background	tchannel_top	unified_background_5m_single_top_pilot50k_20260722_v1	./parquet/tchannel_top_run2_frozen_v2_single_top_pilot_shard4201_10kevt_hh4b_candidates_v2.parquet	regular_file	51396	False	False	payload_identified_and_protected
scaleout	15	background	tchannel_top	unified_background_5m_single_top_pilot50k_20260722_v1	./source/unweighted_events.lhe.gz	regular_file	10478990	False	False	payload_identified_and_protected
scaleout	16	background	tchannel_top	unified_background_5m_single_top_scaleout280k_20260722_v1	./root/tchannel_top_run2_frozen_v2_single_top_scaleout_shard4301_10kevt_delphes.root	regular_file	803366850	False	False	payload_identified_and_protected
scaleout	16	background	tchannel_top	unified_background_5m_single_top_scaleout280k_20260722_v1	./parquet/tchannel_top_run2_frozen_v2_single_top_scaleout_shard4301_10kevt_event_summary.parquet	regular_file	246773	False	False	payload_identified_and_protected
scaleout	16	background	tchannel_top	unified_background_5m_single_top_scaleout280k_20260722_v1	./parquet/tchannel_top_run2_frozen_v2_single_top_scaleout_shard4301_10kevt_hh4b_candidates_v2.parquet	regular_file	51376	False	False	payload_identified_and_protected
scaleout	16	background	tchannel_top	unified_background_5m_single_top_scaleout280k_20260722_v1	./source/unweighted_events.lhe.gz	regular_file	10466939	False	False	payload_identified_and_protected
scaleout	17	background	ttbar_inclusive	unified_background_5m_wavea_pilots_20260720_retry1	./root/ttbar_inclusive_run2_frozen_v2_unified5m_pilot_shard000_10k_delphes.root	regular_file	919109343	False	False	payload_identified_and_protected
scaleout	17	background	ttbar_inclusive	unified_background_5m_wavea_pilots_20260720_retry1	./parquet/ttbar_inclusive_run2_frozen_v2_unified5m_pilot_shard000_10k_event_summary.parquet	regular_file	249931	False	False	payload_identified_and_protected
scaleout	17	background	ttbar_inclusive	unified_background_5m_wavea_pilots_20260720_retry1	./parquet/ttbar_inclusive_run2_frozen_v2_unified5m_pilot_shard000_10k_hh4b_candidates_v2.parquet	regular_file	62551	False	False	payload_identified_and_protected
scaleout	17	background	ttbar_inclusive	unified_background_5m_wavea_pilots_20260720_retry1	./source/unweighted_events.lhe.gz	regular_file	10805111	False	False	payload_identified_and_protected
scaleout	18	background	tth_hbb	unified_background_5m_waveb_priority_pilots10k_20260721_v1	./parquet/tth_hbb_run2_frozen_v2_waveb_pilot_shard1001_10000evt_hh4b_candidates_v2.parquet	regular_file	500295	False	False	payload_identified_and_protected
scaleout	18	background	tth_hbb	unified_background_5m_waveb_priority_pilots10k_20260721_v1	./parquet/tth_hbb_run2_frozen_v2_waveb_pilot_shard1001_10000evt_event_summary.parquet	regular_file	249798	False	False	payload_identified_and_protected
scaleout	18	background	tth_hbb	unified_background_5m_waveb_priority_pilots10k_20260721_v1	./root/tth_hbb_run2_frozen_v2_waveb_pilot_shard1001_10000evt_delphes.root	regular_file	1028053629	False	False	payload_identified_and_protected
scaleout	18	background	tth_hbb	unified_background_5m_waveb_priority_pilots10k_20260721_v1	./source/unweighted_events.lhe.gz	regular_file	12434977	False	False	payload_identified_and_protected
scaleout	19	background	tth_hbb	unified_background_5m_waveb_priority_scale400k_20260721_v1	./source/unweighted_events.lhe.gz	regular_file	12438579	False	False	payload_identified_and_protected
scaleout	19	background	tth_hbb	unified_background_5m_waveb_priority_scale400k_20260721_v1	./root/tth_hbb_run2_frozen_v2_waveb_scale400k_shard2006_10000evt_delphes.root	regular_file	1028072249	False	False	payload_identified_and_protected
scaleout	19	background	tth_hbb	unified_background_5m_waveb_priority_scale400k_20260721_v1	./parquet/tth_hbb_run2_frozen_v2_waveb_scale400k_shard2006_10000evt_event_summary.parquet	regular_file	250051	False	False	payload_identified_and_protected
scaleout	19	background	tth_hbb	unified_background_5m_waveb_priority_scale400k_20260721_v1	./parquet/tth_hbb_run2_frozen_v2_waveb_scale400k_shard2006_10000evt_hh4b_candidates_v2.parquet	regular_file	521403	False	False	payload_identified_and_protected
scaleout	20	background	tttt	unified_background_5m_waveb_priority_pilots10k_20260721_v1	./root/tttt_run2_frozen_v2_waveb_pilot_shard1003_10000evt_delphes.root	regular_file	1185025946	False	False	payload_identified_and_protected
scaleout	20	background	tttt	unified_background_5m_waveb_priority_pilots10k_20260721_v1	./parquet/tttt_run2_frozen_v2_waveb_pilot_shard1003_10000evt_event_summary.parquet	regular_file	254590	False	False	payload_identified_and_protected
scaleout	20	background	tttt	unified_background_5m_waveb_priority_pilots10k_20260721_v1	./parquet/tttt_run2_frozen_v2_waveb_pilot_shard1003_10000evt_hh4b_candidates_v2.parquet	regular_file	753341	False	False	payload_identified_and_protected
scaleout	20	background	tttt	unified_background_5m_waveb_priority_pilots10k_20260721_v1	./source/unweighted_events.lhe.gz	regular_file	12309459	False	False	payload_identified_and_protected
scaleout	21	background	tttt	unified_background_5m_waveb_priority_scale400k_20260721_v1	./source/unweighted_events.lhe.gz	regular_file	12307679	False	False	payload_identified_and_protected
scaleout	21	background	tttt	unified_background_5m_waveb_priority_scale400k_20260721_v1	./parquet/tttt_run2_frozen_v2_waveb_scale400k_shard2201_10000evt_hh4b_candidates_v2.parquet	regular_file	815931	False	False	payload_identified_and_protected
scaleout	21	background	tttt	unified_background_5m_waveb_priority_scale400k_20260721_v1	./parquet/tttt_run2_frozen_v2_waveb_scale400k_shard2201_10000evt_event_summary.parquet	regular_file	254772	False	False	payload_identified_and_protected
scaleout	21	background	tttt	unified_background_5m_waveb_priority_scale400k_20260721_v1	./root/tttt_run2_frozen_v2_waveb_scale400k_shard2201_10000evt_delphes.root	regular_file	1185191178	False	False	payload_identified_and_protected
scaleout	22	background	ttw	unified_background_5m_wavec1_pilot40k_20260721_v1	./parquet/ttw_run2_frozen_v2_wavec1_pilot_shard3202_10kevt_event_summary.parquet	regular_file	250788	False	False	payload_identified_and_protected
scaleout	22	background	ttw	unified_background_5m_wavec1_pilot40k_20260721_v1	./parquet/ttw_run2_frozen_v2_wavec1_pilot_shard3202_10kevt_hh4b_candidates_v2.parquet	regular_file	66696	False	False	payload_identified_and_protected
scaleout	22	background	ttw	unified_background_5m_wavec1_pilot40k_20260721_v1	./source/unweighted_events.lhe.gz	regular_file	11481213	False	False	payload_identified_and_protected
scaleout	22	background	ttw	unified_background_5m_wavec1_pilot40k_20260721_v1	./root/ttw_run2_frozen_v2_wavec1_pilot_shard3202_10kevt_delphes.root	regular_file	914550907	False	False	payload_identified_and_protected
scaleout	23	background	ttw	unified_background_5m_wavec1_scaleout180k_20260721_v2	./root/ttw_run2_frozen_v2_wavec1_scaleout_shard3401_10kevt_delphes.root	regular_file	910657729	False	False	payload_identified_and_protected
scaleout	23	background	ttw	unified_background_5m_wavec1_scaleout180k_20260721_v2	./parquet/ttw_run2_frozen_v2_wavec1_scaleout_shard3401_10kevt_event_summary.parquet	regular_file	250774	False	False	payload_identified_and_protected
scaleout	23	background	ttw	unified_background_5m_wavec1_scaleout180k_20260721_v2	./parquet/ttw_run2_frozen_v2_wavec1_scaleout_shard3401_10kevt_hh4b_candidates_v2.parquet	regular_file	73883	False	False	payload_identified_and_protected
scaleout	23	background	ttw	unified_background_5m_wavec1_scaleout180k_20260721_v2	./source/unweighted_events.lhe.gz	regular_file	11487970	False	False	payload_identified_and_protected
scaleout	24	background	ttz_zbb	unified_background_5m_waveb_priority_scale400k_20260721_v1	./source/unweighted_events.lhe.gz	regular_file	12870497	False	False	payload_identified_and_protected
scaleout	24	background	ttz_zbb	unified_background_5m_waveb_priority_scale400k_20260721_v1	./root/ttz_zbb_run2_frozen_v2_waveb_scale400k_shard2103_10000evt_delphes.root	regular_file	1013578562	False	False	payload_identified_and_protected
scaleout	24	background	ttz_zbb	unified_background_5m_waveb_priority_scale400k_20260721_v1	./parquet/ttz_zbb_run2_frozen_v2_waveb_scale400k_shard2103_10000evt_event_summary.parquet	regular_file	251324	False	False	payload_identified_and_protected
scaleout	24	background	ttz_zbb	unified_background_5m_waveb_priority_scale400k_20260721_v1	./parquet/ttz_zbb_run2_frozen_v2_waveb_scale400k_shard2103_10000evt_hh4b_candidates_v2.parquet	regular_file	456296	False	False	payload_identified_and_protected
scaleout	25	background	tw_antitop	unified_background_5m_single_top_pilot50k_20260722_v1	./root/tw_antitop_run2_frozen_v2_single_top_pilot_shard4205_10kevt_delphes.root	regular_file	862364589	False	False	payload_identified_and_protected
scaleout	25	background	tw_antitop	unified_background_5m_single_top_pilot50k_20260722_v1	./parquet/tw_antitop_run2_frozen_v2_single_top_pilot_shard4205_10kevt_event_summary.parquet	regular_file	249589	False	False	payload_identified_and_protected
scaleout	25	background	tw_antitop	unified_background_5m_single_top_pilot50k_20260722_v1	./parquet/tw_antitop_run2_frozen_v2_single_top_pilot_shard4205_10kevt_hh4b_candidates_v2.parquet	regular_file	55896	False	False	payload_identified_and_protected
scaleout	25	background	tw_antitop	unified_background_5m_single_top_pilot50k_20260722_v1	./source/unweighted_events.lhe.gz	regular_file	10693232	False	False	payload_identified_and_protected
scaleout	26	background	tw_antitop	unified_background_5m_single_top_scaleout280k_20260722_v1	./root/tw_antitop_run2_frozen_v2_single_top_scaleout_shard4323_10kevt_delphes.root	regular_file	866908252	False	False	payload_identified_and_protected
scaleout	26	background	tw_antitop	unified_background_5m_single_top_scaleout280k_20260722_v1	./parquet/tw_antitop_run2_frozen_v2_single_top_scaleout_shard4323_10kevt_event_summary.parquet	regular_file	249609	False	False	payload_identified_and_protected
scaleout	26	background	tw_antitop	unified_background_5m_single_top_scaleout280k_20260722_v1	./parquet/tw_antitop_run2_frozen_v2_single_top_scaleout_shard4323_10kevt_hh4b_candidates_v2.parquet	regular_file	55596	False	False	payload_identified_and_protected
scaleout	26	background	tw_antitop	unified_background_5m_single_top_scaleout280k_20260722_v1	./source/unweighted_events.lhe.gz	regular_file	10691403	False	False	payload_identified_and_protected
scaleout	27	background	tw_top	unified_background_5m_single_top_pilot50k_20260722_v1	./root/tw_top_run2_frozen_v2_single_top_pilot_shard4204_10kevt_delphes.root	regular_file	861608444	False	False	payload_identified_and_protected
scaleout	27	background	tw_top	unified_background_5m_single_top_pilot50k_20260722_v1	./parquet/tw_top_run2_frozen_v2_single_top_pilot_shard4204_10kevt_event_summary.parquet	regular_file	249495	False	False	payload_identified_and_protected
scaleout	27	background	tw_top	unified_background_5m_single_top_pilot50k_20260722_v1	./parquet/tw_top_run2_frozen_v2_single_top_pilot_shard4204_10kevt_hh4b_candidates_v2.parquet	regular_file	56213	False	False	payload_identified_and_protected
scaleout	27	background	tw_top	unified_background_5m_single_top_pilot50k_20260722_v1	./source/unweighted_events.lhe.gz	regular_file	10693588	False	False	payload_identified_and_protected
scaleout	28	background	tw_top	unified_background_5m_single_top_scaleout280k_20260722_v1	./root/tw_top_run2_frozen_v2_single_top_scaleout_shard4317_10kevt_delphes.root	regular_file	857017285	False	False	payload_identified_and_protected
scaleout	28	background	tw_top	unified_background_5m_single_top_scaleout280k_20260722_v1	./parquet/tw_top_run2_frozen_v2_single_top_scaleout_shard4317_10kevt_event_summary.parquet	regular_file	249302	False	False	payload_identified_and_protected
scaleout	28	background	tw_top	unified_background_5m_single_top_scaleout280k_20260722_v1	./parquet/tw_top_run2_frozen_v2_single_top_scaleout_shard4317_10kevt_hh4b_candidates_v2.parquet	regular_file	52357	False	False	payload_identified_and_protected
scaleout	28	background	tw_top	unified_background_5m_single_top_scaleout280k_20260722_v1	./source/unweighted_events.lhe.gz	regular_file	10685462	False	False	payload_identified_and_protected
scaleout	29	background	vbf_hbb	unified_background_5m_waveb_priority_pilots10k_20260721_v1	./root/vbf_hbb_run2_frozen_v2_waveb_pilot_shard1004_10000evt_delphes.root	regular_file	802188813	False	False	payload_identified_and_protected
scaleout	29	background	vbf_hbb	unified_background_5m_waveb_priority_pilots10k_20260721_v1	./parquet/vbf_hbb_run2_frozen_v2_waveb_pilot_shard1004_10000evt_event_summary.parquet	regular_file	245055	False	False	payload_identified_and_protected
scaleout	29	background	vbf_hbb	unified_background_5m_waveb_priority_pilots10k_20260721_v1	./parquet/vbf_hbb_run2_frozen_v2_waveb_pilot_shard1004_10000evt_hh4b_candidates_v2.parquet	regular_file	50989	False	False	payload_identified_and_protected
scaleout	29	background	vbf_hbb	unified_background_5m_waveb_priority_pilots10k_20260721_v1	./source/unweighted_events.lhe.gz	regular_file	11832250	False	False	payload_identified_and_protected
scaleout	30	background	vbf_hbb	unified_background_5m_waveb_priority_scale400k_20260721_v1	./root/vbf_hbb_run2_frozen_v2_waveb_scale400k_shard2302_10000evt_delphes.root	regular_file	805574667	False	False	payload_identified_and_protected
scaleout	30	background	vbf_hbb	unified_background_5m_waveb_priority_scale400k_20260721_v1	./parquet/vbf_hbb_run2_frozen_v2_waveb_scale400k_shard2302_10000evt_event_summary.parquet	regular_file	244964	False	False	payload_identified_and_protected
scaleout	30	background	vbf_hbb	unified_background_5m_waveb_priority_scale400k_20260721_v1	./parquet/vbf_hbb_run2_frozen_v2_waveb_scale400k_shard2302_10000evt_hh4b_candidates_v2.parquet	regular_file	51362	False	False	payload_identified_and_protected
scaleout	30	background	vbf_hbb	unified_background_5m_waveb_priority_scale400k_20260721_v1	./source/unweighted_events.lhe.gz	regular_file	11833976	False	False	payload_identified_and_protected
scaleout	31	background	wh_hbb	unified_background_5m_wavec1_pilot40k_20260721_v1	./root/wh_hbb_run2_frozen_v2_wavec1_pilot_shard3201_10kevt_delphes.root	regular_file	784348698	False	False	payload_identified_and_protected
scaleout	31	background	wh_hbb	unified_background_5m_wavec1_pilot40k_20260721_v1	./parquet/wh_hbb_run2_frozen_v2_wavec1_pilot_shard3201_10kevt_event_summary.parquet	regular_file	246311	False	False	payload_identified_and_protected
scaleout	31	background	wh_hbb	unified_background_5m_wavec1_pilot40k_20260721_v1	./parquet/wh_hbb_run2_frozen_v2_wavec1_pilot_shard3201_10kevt_hh4b_candidates_v2.parquet	regular_file	50627	False	False	payload_identified_and_protected
scaleout	31	background	wh_hbb	unified_background_5m_wavec1_pilot40k_20260721_v1	./source/unweighted_events.lhe.gz	regular_file	11154251	False	False	payload_identified_and_protected
scaleout	32	background	wh_hbb	unified_background_5m_wavec1_scaleout180k_20260721_v2	./root/wh_hbb_run2_frozen_v2_wavec1_scaleout_shard3301_10kevt_delphes.root	regular_file	783985688	False	False	payload_identified_and_protected
scaleout	32	background	wh_hbb	unified_background_5m_wavec1_scaleout180k_20260721_v2	./parquet/wh_hbb_run2_frozen_v2_wavec1_scaleout_shard3301_10kevt_event_summary.parquet	regular_file	246361	False	False	payload_identified_and_protected
scaleout	32	background	wh_hbb	unified_background_5m_wavec1_scaleout180k_20260721_v2	./parquet/wh_hbb_run2_frozen_v2_wavec1_scaleout_shard3301_10kevt_hh4b_candidates_v2.parquet	regular_file	51309	False	False	payload_identified_and_protected
scaleout	32	background	wh_hbb	unified_background_5m_wavec1_scaleout180k_20260721_v2	./source/unweighted_events.lhe.gz	regular_file	11149540	False	False	payload_identified_and_protected
scaleout	33	background	ww	unified_background_5m_wavec1_pilot40k_20260721_v1	./root/ww_run2_frozen_v2_wavec1_pilot_shard3204_10kevt_delphes.root	regular_file	730890532	False	False	payload_identified_and_protected
scaleout	33	background	ww	unified_background_5m_wavec1_pilot40k_20260721_v1	./parquet/ww_run2_frozen_v2_wavec1_pilot_shard3204_10kevt_event_summary.parquet	regular_file	238707	False	False	payload_identified_and_protected
scaleout	33	background	ww	unified_background_5m_wavec1_pilot40k_20260721_v1	./parquet/ww_run2_frozen_v2_wavec1_pilot_shard3204_10kevt_hh4b_candidates_v2.parquet	regular_file	34963	False	False	payload_identified_and_protected
scaleout	33	background	ww	unified_background_5m_wavec1_pilot40k_20260721_v1	./source/unweighted_events.lhe.gz	regular_file	10187007	False	False	payload_identified_and_protected
scaleout	34	background	ww	unified_background_5m_wavec1_scaleout180k_20260721_v2	./root/ww_run2_frozen_v2_wavec1_scaleout_shard3601_10kevt_delphes.root	regular_file	732279336	False	False	payload_identified_and_protected
scaleout	34	background	ww	unified_background_5m_wavec1_scaleout180k_20260721_v2	./parquet/ww_run2_frozen_v2_wavec1_scaleout_shard3601_10kevt_event_summary.parquet	regular_file	238897	False	False	payload_identified_and_protected
scaleout	34	background	ww	unified_background_5m_wavec1_scaleout180k_20260721_v2	./parquet/ww_run2_frozen_v2_wavec1_scaleout_shard3601_10kevt_hh4b_candidates_v2.parquet	regular_file	34963	False	False	payload_identified_and_protected
scaleout	34	background	ww	unified_background_5m_wavec1_scaleout180k_20260721_v2	./source/unweighted_events.lhe.gz	regular_file	10188865	False	False	payload_identified_and_protected
scaleout	35	background	wwz_zbb	final_background_triboson_zbb_pilot10k_20260722_v1	./root/wwz_zbb_run2_frozen_v2_pilot_validation_shard9601_5200_delphes.root	regular_file	436866570	False	False	payload_identified_and_protected
scaleout	35	background	wwz_zbb	final_background_triboson_zbb_pilot10k_20260722_v1	./parquet/wwz_zbb_run2_frozen_v2_pilot_validation_shard9601_5200_event_summary.parquet	regular_file	161905	False	False	payload_identified_and_protected
scaleout	35	background	wwz_zbb	final_background_triboson_zbb_pilot10k_20260722_v1	./parquet/wwz_zbb_run2_frozen_v2_pilot_validation_shard9601_5200_hh4b_candidates_v2.parquet	regular_file	54106	False	False	payload_identified_and_protected
scaleout	35	background	wwz_zbb	final_background_triboson_zbb_pilot10k_20260722_v1	./source/unweighted_events.lhe.gz	regular_file	51053833	False	False	payload_identified_and_protected
scaleout	36	background	wwz_zbb	final_background_triboson_zbb_scaleout40k_20260722_v1	./root/wwz_zbb_run2_frozen_v2_train_shard9901_5200_delphes.root	regular_file	434555810	False	False	payload_identified_and_protected
scaleout	36	background	wwz_zbb	final_background_triboson_zbb_scaleout40k_20260722_v1	./parquet/wwz_zbb_run2_frozen_v2_train_shard9901_5200_event_summary.parquet	regular_file	163545	False	False	payload_identified_and_protected
scaleout	36	background	wwz_zbb	final_background_triboson_zbb_scaleout40k_20260722_v1	./parquet/wwz_zbb_run2_frozen_v2_train_shard9901_5200_hh4b_candidates_v2.parquet	regular_file	52239	False	False	payload_identified_and_protected
scaleout	36	background	wwz_zbb	final_background_triboson_zbb_scaleout40k_20260722_v1	./source/unweighted_events.lhe.gz	regular_file	51050437	False	False	payload_identified_and_protected
scaleout	37	background	wz_zbb	unified_background_5m_wavec1_pilot40k_20260721_v1	./parquet/wz_zbb_run2_frozen_v2_wavec1_pilot_shard3203_10kevt_hh4b_candidates_v2.parquet	regular_file	49412	False	False	payload_identified_and_protected
scaleout	37	background	wz_zbb	unified_background_5m_wavec1_pilot40k_20260721_v1	./parquet/wz_zbb_run2_frozen_v2_wavec1_pilot_shard3203_10kevt_event_summary.parquet	regular_file	243981	False	False	payload_identified_and_protected
scaleout	37	background	wz_zbb	unified_background_5m_wavec1_pilot40k_20260721_v1	./root/wz_zbb_run2_frozen_v2_wavec1_pilot_shard3203_10kevt_delphes.root	regular_file	765372748	False	False	payload_identified_and_protected
scaleout	37	background	wz_zbb	unified_background_5m_wavec1_pilot40k_20260721_v1	./source/unweighted_events.lhe.gz	regular_file	11092213	False	False	payload_identified_and_protected
scaleout	38	background	wz_zbb	unified_background_5m_wavec1_scaleout180k_20260721_v2	./root/wz_zbb_run2_frozen_v2_wavec1_scaleout_shard3501_10kevt_delphes.root	regular_file	771400950	False	False	payload_identified_and_protected
scaleout	38	background	wz_zbb	unified_background_5m_wavec1_scaleout180k_20260721_v2	./parquet/wz_zbb_run2_frozen_v2_wavec1_scaleout_shard3501_10kevt_hh4b_candidates_v2.parquet	regular_file	49459	False	False	payload_identified_and_protected
scaleout	38	background	wz_zbb	unified_background_5m_wavec1_scaleout180k_20260721_v2	./parquet/wz_zbb_run2_frozen_v2_wavec1_scaleout_shard3501_10kevt_event_summary.parquet	regular_file	244379	False	False	payload_identified_and_protected
scaleout	38	background	wz_zbb	unified_background_5m_wavec1_scaleout180k_20260721_v2	./source/unweighted_events.lhe.gz	regular_file	11094990	False	False	payload_identified_and_protected
scaleout	39	background	wzz_zbb	final_background_triboson_zbb_pilot10k_20260722_v1	./root/wzz_zbb_run2_frozen_v2_pilot_validation_shard9602_3300_delphes.root	regular_file	278629421	False	False	payload_identified_and_protected
scaleout	39	background	wzz_zbb	final_background_triboson_zbb_pilot10k_20260722_v1	./parquet/wzz_zbb_run2_frozen_v2_pilot_validation_shard9602_3300_event_summary.parquet	regular_file	108918	False	False	payload_identified_and_protected
scaleout	39	background	wzz_zbb	final_background_triboson_zbb_pilot10k_20260722_v1	./parquet/wzz_zbb_run2_frozen_v2_pilot_validation_shard9602_3300_hh4b_candidates_v2.parquet	regular_file	53706	False	False	payload_identified_and_protected
scaleout	39	background	wzz_zbb	final_background_triboson_zbb_pilot10k_20260722_v1	./source/unweighted_events.lhe.gz	regular_file	20919213	False	False	payload_identified_and_protected
scaleout	40	background	wzz_zbb	final_background_triboson_zbb_scaleout40k_20260722_v1	./root/wzz_zbb_run2_frozen_v2_train_shard9911_3300_delphes.root	regular_file	279171722	False	False	payload_identified_and_protected
scaleout	40	background	wzz_zbb	final_background_triboson_zbb_scaleout40k_20260722_v1	./parquet/wzz_zbb_run2_frozen_v2_train_shard9911_3300_event_summary.parquet	regular_file	108827	False	False	payload_identified_and_protected
scaleout	40	background	wzz_zbb	final_background_triboson_zbb_scaleout40k_20260722_v1	./parquet/wzz_zbb_run2_frozen_v2_train_shard9911_3300_hh4b_candidates_v2.parquet	regular_file	52253	False	False	payload_identified_and_protected
scaleout	40	background	wzz_zbb	final_background_triboson_zbb_scaleout40k_20260722_v1	./source/unweighted_events.lhe.gz	regular_file	20919681	False	False	payload_identified_and_protected
scaleout	41	background	zbbbb	unified_background_5m_wavea_pilots_20260720_retry1	./parquet/zbbbb_run2_frozen_v2_unified5m_pilot_shard000_10k_event_summary.parquet	regular_file	245350	False	False	payload_identified_and_protected
scaleout	41	background	zbbbb	unified_background_5m_wavea_pilots_20260720_retry1	./parquet/zbbbb_run2_frozen_v2_unified5m_pilot_shard000_10k_hh4b_candidates_v2.parquet	regular_file	165298	False	False	payload_identified_and_protected
scaleout	41	background	zbbbb	unified_background_5m_wavea_pilots_20260720_retry1	./root/zbbbb_run2_frozen_v2_unified5m_pilot_shard000_10k_delphes.root	regular_file	858659842	False	False	payload_identified_and_protected
scaleout	41	background	zbbbb	unified_background_5m_wavea_pilots_20260720_retry1	./source/unweighted_events.lhe.gz	regular_file	12530651	False	False	payload_identified_and_protected
scaleout	42	background	zbbbb	unified_background_5m_wavea_proven111_20260720_v1	./root/zbbbb_run2_frozen_v2_unified5m_wavea_shard001_10k_delphes.root	regular_file	862619412	False	False	payload_identified_and_protected
scaleout	42	background	zbbbb	unified_background_5m_wavea_proven111_20260720_v1	./parquet/zbbbb_run2_frozen_v2_unified5m_wavea_shard001_10k_event_summary.parquet	regular_file	245248	False	False	payload_identified_and_protected
scaleout	42	background	zbbbb	unified_background_5m_wavea_proven111_20260720_v1	./parquet/zbbbb_run2_frozen_v2_unified5m_wavea_shard001_10k_hh4b_candidates_v2.parquet	regular_file	158058	False	False	payload_identified_and_protected
scaleout	42	background	zbbbb	unified_background_5m_wavea_proven111_20260720_v1	./source/unweighted_events.lhe.gz	regular_file	12532121	False	False	payload_identified_and_protected
scaleout	43	background	zbbbb	unified_background_5m_wavea_zbbbb_remaining15_20260721_v1	./root/zbbbb_run2_frozen_v2_unified5m_wavea_shard010_10k_delphes.root	regular_file	866425020	False	False	payload_identified_and_protected
scaleout	43	background	zbbbb	unified_background_5m_wavea_zbbbb_remaining15_20260721_v1	./parquet/zbbbb_run2_frozen_v2_unified5m_wavea_shard010_10k_event_summary.parquet	regular_file	245453	False	False	payload_identified_and_protected
scaleout	43	background	zbbbb	unified_background_5m_wavea_zbbbb_remaining15_20260721_v1	./parquet/zbbbb_run2_frozen_v2_unified5m_wavea_shard010_10k_hh4b_candidates_v2.parquet	regular_file	149669	False	False	payload_identified_and_protected
scaleout	43	background	zbbbb	unified_background_5m_wavea_zbbbb_remaining15_20260721_v1	./source/unweighted_events.lhe.gz	regular_file	12537040	False	False	payload_identified_and_protected
scaleout	44	background	zzz_zbb	final_background_triboson_zbb_pilot10k_20260722_v1	./root/zzz_zbb_run2_frozen_v2_pilot_validation_shard9603_1500_delphes.root	regular_file	126848772	False	False	payload_identified_and_protected
scaleout	44	background	zzz_zbb	final_background_triboson_zbb_pilot10k_20260722_v1	./parquet/zzz_zbb_run2_frozen_v2_pilot_validation_shard9603_1500_event_summary.parquet	regular_file	54063	False	False	payload_identified_and_protected
scaleout	44	background	zzz_zbb	final_background_triboson_zbb_pilot10k_20260722_v1	./parquet/zzz_zbb_run2_frozen_v2_pilot_validation_shard9603_1500_hh4b_candidates_v2.parquet	regular_file	54410	False	False	payload_identified_and_protected
scaleout	44	background	zzz_zbb	final_background_triboson_zbb_pilot10k_20260722_v1	./source/unweighted_events.lhe.gz	regular_file	7748633	False	False	payload_identified_and_protected
scaleout	45	background	zzz_zbb	final_background_triboson_zbb_scaleout40k_20260722_v1	./root/zzz_zbb_run2_frozen_v2_train_shard9921_1500_delphes.root	regular_file	127105264	False	False	payload_identified_and_protected
scaleout	45	background	zzz_zbb	final_background_triboson_zbb_scaleout40k_20260722_v1	./parquet/zzz_zbb_run2_frozen_v2_train_shard9921_1500_event_summary.parquet	regular_file	53151	False	False	payload_identified_and_protected
scaleout	45	background	zzz_zbb	final_background_triboson_zbb_scaleout40k_20260722_v1	./parquet/zzz_zbb_run2_frozen_v2_train_shard9921_1500_hh4b_candidates_v2.parquet	regular_file	53361	False	False	payload_identified_and_protected
scaleout	45	background	zzz_zbb	final_background_triboson_zbb_scaleout40k_20260722_v1	./source/unweighted_events.lhe.gz	regular_file	7760851	False	False	payload_identified_and_protected
scaleout	46	signal	ggf_hh4b	ggf_hh4b_ml_ext80k_frozen_v2_20260721_v1	./hepmc/HH4b_ggf_ggf_hh4b_ml_ext80k_frozen_v2_20260721_v1_shard020_seed86020_pythia8.hepmc	regular_file	278781909	False	False	payload_identified_and_protected
scaleout	47	signal	vbf_hh4b	vbf_hh4b_sm_scaleout90k_20260722_v1	./root/vbf_hh4b_sm_run2_frozen_v2_train_shard9401_10k_delphes.root	regular_file	893278055	False	False	payload_identified_and_protected
scaleout	47	signal	vbf_hh4b	vbf_hh4b_sm_scaleout90k_20260722_v1	./parquet/vbf_hh4b_sm_run2_frozen_v2_train_shard9401_10k_event_summary.parquet	regular_file	245704	False	False	payload_identified_and_protected
scaleout	47	signal	vbf_hh4b	vbf_hh4b_sm_scaleout90k_20260722_v1	./parquet/vbf_hh4b_sm_run2_frozen_v2_train_shard9401_10k_hh4b_candidates_v2.parquet	regular_file	277993	False	False	payload_identified_and_protected
scaleout	47	signal	vbf_hh4b	vbf_hh4b_sm_scaleout90k_20260722_v1	./source/unweighted_events.lhe.gz	regular_file	11199934	False	False	payload_identified_and_protected
