event_uid	dataset_track	sample_group	process_family	canary_lane	source_endpoint	remote_path	remote_size_bytes	remote_adler32	entry_index	sampling_mode	selection_seed	selection_rank_within_group	target_valid_events_per_file	scan_limit_per_file	preprocessing_valid	preprocessing_failure_code	particle_count	used_particle_count	was_truncated	adapter_name	adapter_version	model_id	model_checkpoint_sha256	preprocessing_contract_sha256	score_contract_sha256	runtime_environment_id	model0_signal_probability	model0_qcd_probability	model0_ttbar_probability	model1_signal_probability	model1_qcd_probability	model1_ttbar_probability	model2_signal_probability	model2_qcd_probability	model2_ttbar_probability	ensemble_signal_probability	ensemble_qcd_probability	ensemble_ttbar_probability	ensemble_overall_top1_class	ensemble_signal_grid_top1_class	model_overall_top1_agreement	model_signal_grid_top1_agreement	raw_gen_weight_payload_json	physical_weight_status	physical_event_weight
3bb80882ba8d40716edc1dc6bc5a1737e0d70c91f29085f237e81067e0999ca1	Track B	ZJetsToQQ_DelphesHH4JTrig_merged_ntuple	zjets	zjets	root://cceos.ihep.ac.cn:1094	/eos/ihep/cms/store/user/coli/datasets/hh4b/inference/ZJetsToQQ_DelphesHH4JTrig_merged_ntuple/ZJetsToQQ_DelphesHH4JTrig_ntuple_id2500-2999.root	1749925223	cc5209ec	0	high_score_tail_stability_v1	track_b_phase3_multifile_v1_20260806	7	64	2048	True		101	101	False	released_sophon_ensemble	40J7I_R1_v1	HH4b_released_three_model_ensemble	43c7fb9b0860c0f37953a1636b1f1b73fcc320da585d4a446cb45a31a14fdec0	ff90137a4c919f0a07d47cbfb21ead3688ee49856d98a0ff16bbbaa7058eb735	9b0412c8cce16f4684910207ed3b82a1bfb6b74891c554bba1f1c3b4f9347b86	1de0398cb1116200e1ead26886dfc0d6f1c15579dab82ad689c68690509dc449	0.03612544832782305	0.9638388752937317	3.555726652848534e-05	0.05348862968554613	0.9464816451072693	2.9650498618138954e-05	0.030390477563571494	0.9695791602134705	3.036590715055354e-05	0.04000151852564689	0.9599665602048238	3.185789076572595e-05	136	67	True	False	[1247.1405029296875,0.12471404671669006]	blocked_pending_author_clarification	
0c2d979e957c49822405d06dba6402e949f40ac4a68a388ac82323b1ae7cb12b	Track B	ZJetsToQQ_DelphesHH4JTrig_merged_ntuple	zjets	zjets	root://cceos.ihep.ac.cn:1094	/eos/ihep/cms/store/user/coli/datasets/hh4b/inference/ZJetsToQQ_DelphesHH4JTrig_merged_ntuple/ZJetsToQQ_DelphesHH4JTrig_ntuple_id2500-2999.root	1749925223	cc5209ec	1	high_score_tail_stability_v1	track_b_phase3_multifile_v1_20260806	7	64	2048	True		99	99	False	released_sophon_ensemble	40J7I_R1_v1	HH4b_released_three_model_ensemble	43c7fb9b0860c0f37953a1636b1f1b73fcc320da585d4a446cb45a31a14fdec0	ff90137a4c919f0a07d47cbfb21ead3688ee49856d98a0ff16bbbaa7058eb735	9b0412c8cce16f4684910207ed3b82a1bfb6b74891c554bba1f1c3b4f9347b86	1de0398cb1116200e1ead26886dfc0d6f1c15579dab82ad689c68690509dc449	0.00034768005719598705	0.9996479749679565	4.394106781546725e-06	0.00028877299529739275	0.9997088313102722	2.288530595251359e-06	0.0001202199612793109	0.999876856803894	2.8816377835028106e-06	0.0002522243379242302	0.9997445543607076	3.188091720100298e-06	136	90	True	False	[1247.1405029296875,0.12471404671669006]	blocked_pending_author_clarification	
45ce866ea01add548d6cd5ae11fa2a30310348ca9226af747cbe79820ca49920	Track B	ZJetsToQQ_DelphesHH4JTrig_merged_ntuple	zjets	zjets	root://cceos.ihep.ac.cn:1094	/eos/ihep/cms/store/user/coli/datasets/hh4b/inference/ZJetsToQQ_DelphesHH4JTrig_merged_ntuple/ZJetsToQQ_DelphesHH4JTrig_ntuple_id2500-2999.root	1749925223	cc5209ec	2	high_score_tail_stability_v1	track_b_phase3_multifile_v1_20260806	7	64	2048	True		110	110	False	released_sophon_ensemble	40J7I_R1_v1	HH4b_released_three_model_ensemble	43c7fb9b0860c0f37953a1636b1f1b73fcc320da585d4a446cb45a31a14fdec0	ff90137a4c919f0a07d47cbfb21ead3688ee49856d98a0ff16bbbaa7058eb735	9b0412c8cce16f4684910207ed3b82a1bfb6b74891c554bba1f1c3b4f9347b86	1de0398cb1116200e1ead26886dfc0d6f1c15579dab82ad689c68690509dc449	0.018430015261401422	0.9812663793563843	0.0003035827539861202	0.04071717715487466	0.9590266346931458	0.00025604298571124673	0.0013624267915588462	0.9985663294792175	7.124857074813917e-05	0.02016987306927831	0.9796197811762491	0.0002102914368151687	136	82	True	True	[1247.1405029296875,0.12471404671669006]	blocked_pending_author_clarification	
d3f3f5f8255a0965daee72f03ad267cd2b5b9fe7a3504c8c6cd7b7612761160f	Track B	ZJetsToQQ_DelphesHH4JTrig_merged_ntuple	zjets	zjets	root://cceos.ihep.ac.cn:1094	/eos/ihep/cms/store/user/coli/datasets/hh4b/inference/ZJetsToQQ_DelphesHH4JTrig_merged_ntuple/ZJetsToQQ_DelphesHH4JTrig_ntuple_id2500-2999.root	1749925223	cc5209ec	3	high_score_tail_stability_v1	track_b_phase3_multifile_v1_20260806	7	64	2048	True		97	97	False	released_sophon_ensemble	40J7I_R1_v1	HH4b_released_three_model_ensemble	43c7fb9b0860c0f37953a1636b1f1b73fcc320da585d4a446cb45a31a14fdec0	ff90137a4c919f0a07d47cbfb21ead3688ee49856d98a0ff16bbbaa7058eb735	9b0412c8cce16f4684910207ed3b82a1bfb6b74891c554bba1f1c3b4f9347b86	1de0398cb1116200e1ead26886dfc0d6f1c15579dab82ad689c68690509dc449	0.3085689542494947	0.691228449344635	0.00020261573081370443	0.26574308110321	0.7333428263664246	0.0009141000919044018	0.4205984517129764	0.5792362093925476	0.00016532342124264687	0.3316368290218937	0.667935828367869	0.00042734641465358436	136	7	True	False	[1247.1405029296875,0.12471404671669006]	blocked_pending_author_clarification	
6dc0c594e898a4cbf57151250b0b6539c91c5c13f68ea2e5f07dc54310586396	Track B	ZJetsToQQ_DelphesHH4JTrig_merged_ntuple	zjets	zjets	root://cceos.ihep.ac.cn:1094	/eos/ihep/cms/store/user/coli/datasets/hh4b/inference/ZJetsToQQ_DelphesHH4JTrig_merged_ntuple/ZJetsToQQ_DelphesHH4JTrig_ntuple_id2500-2999.root	1749925223	cc5209ec	4	high_score_tail_stability_v1	track_b_phase3_multifile_v1_20260806	7	64	2048	True		167	167	False	released_sophon_ensemble	40J7I_R1_v1	HH4b_released_three_model_ensemble	43c7fb9b0860c0f37953a1636b1f1b73fcc320da585d4a446cb45a31a14fdec0	ff90137a4c919f0a07d47cbfb21ead3688ee49856d98a0ff16bbbaa7058eb735	9b0412c8cce16f4684910207ed3b82a1bfb6b74891c554bba1f1c3b4f9347b86	1de0398cb1116200e1ead26886dfc0d6f1c15579dab82ad689c68690509dc449	0.9878961454548971	0.012039955705404282	6.387980829458684e-05	0.9823765908995483	0.01756574772298336	5.754639278165996e-05	0.9863515281208493	0.01357302162796259	7.548555004177615e-05	0.9855414214917648	0.014392908352116743	6.563725037267432e-05	30	30	True	True	[1247.1405029296875,0.12471404671669006]	blocked_pending_author_clarification	
f0c429c0f9706b8260f0ae584235de2dcb4f8a200dd7a0f519060678386da4c9	Track B	ZJetsToQQ_DelphesHH4JTrig_merged_ntuple	zjets	zjets	root://cceos.ihep.ac.cn:1094	/eos/ihep/cms/store/user/coli/datasets/hh4b/inference/ZJetsToQQ_DelphesHH4JTrig_merged_ntuple/ZJetsToQQ_DelphesHH4JTrig_ntuple_id2500-2999.root	1749925223	cc5209ec	5	high_score_tail_stability_v1	track_b_phase3_multifile_v1_20260806	7	64	2048	True		78	78	False	released_sophon_ensemble	40J7I_R1_v1	HH4b_released_three_model_ensemble	43c7fb9b0860c0f37953a1636b1f1b73fcc320da585d4a446cb45a31a14fdec0	ff90137a4c919f0a07d47cbfb21ead3688ee49856d98a0ff16bbbaa7058eb735	9b0412c8cce16f4684910207ed3b82a1bfb6b74891c554bba1f1c3b4f9347b86	1de0398cb1116200e1ead26886dfc0d6f1c15579dab82ad689c68690509dc449	0.13506610659601392	0.8454221487045288	0.01951170153915882	0.09454247079747802	0.8996487855911255	0.005808754358440638	0.09344659325279281	0.900339663028717	0.006213697139173746	0.10768505688209493	0.8818035324414571	0.010511384345591068	136	109	True	False	[1247.1405029296875,0.12471404671669006]	blocked_pending_author_clarification	
d5f3fdb8f2cbf133b849d9fe663a332ab4ad8ab4bc1f0dc32fa0bce2b61eb8c3	Track B	ZJetsToQQ_DelphesHH4JTrig_merged_ntuple	zjets	zjets	root://cceos.ihep.ac.cn:1094	/eos/ihep/cms/store/user/coli/datasets/hh4b/inference/ZJetsToQQ_DelphesHH4JTrig_merged_ntuple/ZJetsToQQ_DelphesHH4JTrig_ntuple_id2500-2999.root	1749925223	cc5209ec	6	high_score_tail_stability_v1	track_b_phase3_multifile_v1_20260806	7	64	2048	True		163	163	False	released_sophon_ensemble	40J7I_R1_v1	HH4b_released_three_model_ensemble	43c7fb9b0860c0f37953a1636b1f1b73fcc320da585d4a446cb45a31a14fdec0	ff90137a4c919f0a07d47cbfb21ead3688ee49856d98a0ff16bbbaa7058eb735	9b0412c8cce16f4684910207ed3b82a1bfb6b74891c554bba1f1c3b4f9347b86	1de0398cb1116200e1ead26886dfc0d6f1c15579dab82ad689c68690509dc449	0.005187568440661039	0.8588923811912537	0.13592003285884857	0.003952198249407957	0.8351964354515076	0.1608513444662094	0.008919390151561402	0.7128201127052307	0.2782604694366455	0.0060197189472101335	0.8023029764493307	0.19167728225390115	136	77	True	False	[1247.1405029296875,0.12471404671669006]	blocked_pending_author_clarification	
f15686cac758b97009432e3ee7cd0df3fb5103b1d4a28a988f6fc78dd636551a	Track B	ZJetsToQQ_DelphesHH4JTrig_merged_ntuple	zjets	zjets	root://cceos.ihep.ac.cn:1094	/eos/ihep/cms/store/user/coli/datasets/hh4b/inference/ZJetsToQQ_DelphesHH4JTrig_merged_ntuple/ZJetsToQQ_DelphesHH4JTrig_ntuple_id2500-2999.root	1749925223	cc5209ec	7	high_score_tail_stability_v1	track_b_phase3_multifile_v1_20260806	7	64	2048	True		146	146	False	released_sophon_ensemble	40J7I_R1_v1	HH4b_released_three_model_ensemble	43c7fb9b0860c0f37953a1636b1f1b73fcc320da585d4a446cb45a31a14fdec0	ff90137a4c919f0a07d47cbfb21ead3688ee49856d98a0ff16bbbaa7058eb735	9b0412c8cce16f4684910207ed3b82a1bfb6b74891c554bba1f1c3b4f9347b86	1de0398cb1116200e1ead26886dfc0d6f1c15579dab82ad689c68690509dc449	0.5463201688507979	0.45340287685394287	0.0002769402926787734	0.49882903599063866	0.5009206533432007	0.0002502555726096034	0.269299613617477	0.7304214239120483	0.00027898052940145135	0.4381496061529712	0.5615816513697306	0.00026872546489660937	136	71	True	False	[1247.1405029296875,0.12471404671669006]	blocked_pending_author_clarification	
b11a7c58775a9cfc2f4a5484f8aa385cc881c9df0e1b7bb8cce5c23d28327d01	Track B	ZJetsToQQ_DelphesHH4JTrig_merged_ntuple	zjets	zjets	root://cceos.ihep.ac.cn:1094	/eos/ihep/cms/store/user/coli/datasets/hh4b/inference/ZJetsToQQ_DelphesHH4JTrig_merged_ntuple/ZJetsToQQ_DelphesHH4JTrig_ntuple_id2500-2999.root	1749925223	cc5209ec	8	high_score_tail_stability_v1	track_b_phase3_multifile_v1_20260806	7	64	2048	True		94	94	False	released_sophon_ensemble	40J7I_R1_v1	HH4b_released_three_model_ensemble	43c7fb9b0860c0f37953a1636b1f1b73fcc320da585d4a446cb45a31a14fdec0	ff90137a4c919f0a07d47cbfb21ead3688ee49856d98a0ff16bbbaa7058eb735	9b0412c8cce16f4684910207ed3b82a1bfb6b74891c554bba1f1c3b4f9347b86	1de0398cb1116200e1ead26886dfc0d6f1c15579dab82ad689c68690509dc449	0.011135516278955038	0.988699734210968	0.0001647638709982857	0.012050629570239835	0.9878554940223694	9.39041783567518e-05	0.020791736969840713	0.9790627956390381	0.00014538021059706807	0.014659294273011863	0.9852060079574585	0.00013468275331736854	136	71	True	False	[1247.1405029296875,0.12471404671669006]	blocked_pending_author_clarification	
0f9843c27dc01db9cf1be6f698c145bd57d88289436a7b100065074efb9c47f6	Track B	ZJetsToQQ_DelphesHH4JTrig_merged_ntuple	zjets	zjets	root://cceos.ihep.ac.cn:1094	/eos/ihep/cms/store/user/coli/datasets/hh4b/inference/ZJetsToQQ_DelphesHH4JTrig_merged_ntuple/ZJetsToQQ_DelphesHH4JTrig_ntuple_id2500-2999.root	1749925223	cc5209ec	9	high_score_tail_stability_v1	track_b_phase3_multifile_v1_20260806	7	64	2048	True		78	78	False	released_sophon_ensemble	40J7I_R1_v1	HH4b_released_three_model_ensemble	43c7fb9b0860c0f37953a1636b1f1b73fcc320da585d4a446cb45a31a14fdec0	ff90137a4c919f0a07d47cbfb21ead3688ee49856d98a0ff16bbbaa7058eb735	9b0412c8cce16f4684910207ed3b82a1bfb6b74891c554bba1f1c3b4f9347b86	1de0398cb1116200e1ead26886dfc0d6f1c15579dab82ad689c68690509dc449	0.016973126193306598	0.9829486012458801	7.821025064913556e-05	0.014204734889176507	0.9857572913169861	3.807379471254535e-05	0.024071306414953142	0.9758833050727844	4.5271259295986965e-05	0.018416389165812085	0.9815297325452169	5.385176821922263e-05	136	77	True	False	[1247.1405029296875,0.12471404671669006]	blocked_pending_author_clarification	
13f6c328c1310173fdb72c1c6adde1746a2bbff597e528b9dc844ffb4bd202cc	Track B	ZJetsToQQ_DelphesHH4JTrig_merged_ntuple	zjets	zjets	root://cceos.ihep.ac.cn:1094	/eos/ihep/cms/store/user/coli/datasets/hh4b/inference/ZJetsToQQ_DelphesHH4JTrig_merged_ntuple/ZJetsToQQ_DelphesHH4JTrig_ntuple_id2500-2999.root	1749925223	cc5209ec	10	high_score_tail_stability_v1	track_b_phase3_multifile_v1_20260806	7	64	2048	True		172	172	False	released_sophon_ensemble	40J7I_R1_v1	HH4b_released_three_model_ensemble	43c7fb9b0860c0f37953a1636b1f1b73fcc320da585d4a446cb45a31a14fdec0	ff90137a4c919f0a07d47cbfb21ead3688ee49856d98a0ff16bbbaa7058eb735	9b0412c8cce16f4684910207ed3b82a1bfb6b74891c554bba1f1c3b4f9347b86	1de0398cb1116200e1ead26886dfc0d6f1c15579dab82ad689c68690509dc449	0.5226385301793925	0.4619995057582855	0.015362006612122059	0.45299716549925506	0.5366771221160889	0.01032569631934166	0.5712184305302799	0.4068130850791931	0.021968398243188858	0.5156180420696426	0.4684965709845225	0.015885367058217525	136	15	True	False	[1247.1405029296875,0.12471404671669006]	blocked_pending_author_clarification	
b4a548fe4036936cb65ef62c013e26018cc2fd8b9db50bff226368483bffe174	Track B	ZJetsToQQ_DelphesHH4JTrig_merged_ntuple	zjets	zjets	root://cceos.ihep.ac.cn:1094	/eos/ihep/cms/store/user/coli/datasets/hh4b/inference/ZJetsToQQ_DelphesHH4JTrig_merged_ntuple/ZJetsToQQ_DelphesHH4JTrig_ntuple_id2500-2999.root	1749925223	cc5209ec	11	high_score_tail_stability_v1	track_b_phase3_multifile_v1_20260806	7	64	2048	True		157	157	False	released_sophon_ensemble	40J7I_R1_v1	HH4b_released_three_model_ensemble	43c7fb9b0860c0f37953a1636b1f1b73fcc320da585d4a446cb45a31a14fdec0	ff90137a4c919f0a07d47cbfb21ead3688ee49856d98a0ff16bbbaa7058eb735	9b0412c8cce16f4684910207ed3b82a1bfb6b74891c554bba1f1c3b4f9347b86	1de0398cb1116200e1ead26886dfc0d6f1c15579dab82ad689c68690509dc449	0.10705348241526735	0.8927805423736572	0.00016595701163168997	0.07874531472225499	0.9207918643951416	0.0004628349852282554	0.15606529950400727	0.8435519337654114	0.00038284200127236545	0.11395469888050987	0.8857081135114034	0.00033721133271077025	136	59	True	False	[1247.1405029296875,0.12471404671669006]	blocked_pending_author_clarification	
e3033992495764d6b7d26898b14a328bb12603971707b8347bdbba15afdc5041	Track B	ZJetsToQQ_DelphesHH4JTrig_merged_ntuple	zjets	zjets	root://cceos.ihep.ac.cn:1094	/eos/ihep/cms/store/user/coli/datasets/hh4b/inference/ZJetsToQQ_DelphesHH4JTrig_merged_ntuple/ZJetsToQQ_DelphesHH4JTrig_ntuple_id2500-2999.root	1749925223	cc5209ec	12	high_score_tail_stability_v1	track_b_phase3_multifile_v1_20260806	7	64	2048	True		166	166	False	released_sophon_ensemble	40J7I_R1_v1	HH4b_released_three_model_ensemble	43c7fb9b0860c0f37953a1636b1f1b73fcc320da585d4a446cb45a31a14fdec0	ff90137a4c919f0a07d47cbfb21ead3688ee49856d98a0ff16bbbaa7058eb735	9b0412c8cce16f4684910207ed3b82a1bfb6b74891c554bba1f1c3b4f9347b86	1de0398cb1116200e1ead26886dfc0d6f1c15579dab82ad689c68690509dc449	0.2174704431927239	0.7753210663795471	0.0072085559368133545	0.20273527085737442	0.7842318415641785	0.013032839633524418	0.1918908780789934	0.7990577220916748	0.00905127264559269	0.2040321973763639	0.7862035433451334	0.009764222738643488	136	90	True	False	[1247.1405029296875,0.12471404671669006]	blocked_pending_author_clarification	
54af79aa681493faa55e59b046fe5bf1040ab61af462806356afa4bd2c24d666	Track B	ZJetsToQQ_DelphesHH4JTrig_merged_ntuple	zjets	zjets	root://cceos.ihep.ac.cn:1094	/eos/ihep/cms/store/user/coli/datasets/hh4b/inference/ZJetsToQQ_DelphesHH4JTrig_merged_ntuple/ZJetsToQQ_DelphesHH4JTrig_ntuple_id2500-2999.root	1749925223	cc5209ec	13	high_score_tail_stability_v1	track_b_phase3_multifile_v1_20260806	7	64	2048	True		107	107	False	released_sophon_ensemble	40J7I_R1_v1	HH4b_released_three_model_ensemble	43c7fb9b0860c0f37953a1636b1f1b73fcc320da585d4a446cb45a31a14fdec0	ff90137a4c919f0a07d47cbfb21ead3688ee49856d98a0ff16bbbaa7058eb735	9b0412c8cce16f4684910207ed3b82a1bfb6b74891c554bba1f1c3b4f9347b86	1de0398cb1116200e1ead26886dfc0d6f1c15579dab82ad689c68690509dc449	0.12700438553838467	0.6404690146446228	0.23252663016319275	0.13648842732709454	0.6399136185646057	0.22359789907932281	0.4593164791294839	0.34040236473083496	0.2002810537815094	0.2409364306649877	0.5402616659800211	0.21880186100800833	136	73	True	False	[1247.1405029296875,0.12471404671669006]	blocked_pending_author_clarification	
2d1d62cb3ee13cd4280987a99401d785e8a54fbce93bcd0fb309b1b2c8c5cb01	Track B	ZJetsToQQ_DelphesHH4JTrig_merged_ntuple	zjets	zjets	root://cceos.ihep.ac.cn:1094	/eos/ihep/cms/store/user/coli/datasets/hh4b/inference/ZJetsToQQ_DelphesHH4JTrig_merged_ntuple/ZJetsToQQ_DelphesHH4JTrig_ntuple_id2500-2999.root	1749925223	cc5209ec	14	high_score_tail_stability_v1	track_b_phase3_multifile_v1_20260806	7	64	2048	True		181	181	False	released_sophon_ensemble	40J7I_R1_v1	HH4b_released_three_model_ensemble	43c7fb9b0860c0f37953a1636b1f1b73fcc320da585d4a446cb45a31a14fdec0	ff90137a4c919f0a07d47cbfb21ead3688ee49856d98a0ff16bbbaa7058eb735	9b0412c8cce16f4684910207ed3b82a1bfb6b74891c554bba1f1c3b4f9347b86	1de0398cb1116200e1ead26886dfc0d6f1c15579dab82ad689c68690509dc449	0.20169454978895374	0.12178697437047958	0.6765184998512268	0.16858494313783012	0.12180936336517334	0.7096057534217834	0.16927001977455802	0.12269574403762817	0.7080342173576355	0.17984983756711398	0.1220973605910937	0.6980528235435486	137	15	True	True	[1247.1405029296875,0.12471404671669006]	blocked_pending_author_clarification	
1c0b04c4f35fde588c6feea485c66b39ab289e3d82c69002b4aecfe827d13f4d	Track B	ZJetsToQQ_DelphesHH4JTrig_merged_ntuple	zjets	zjets	root://cceos.ihep.ac.cn:1094	/eos/ihep/cms/store/user/coli/datasets/hh4b/inference/ZJetsToQQ_DelphesHH4JTrig_merged_ntuple/ZJetsToQQ_DelphesHH4JTrig_ntuple_id2500-2999.root	1749925223	cc5209ec	15	high_score_tail_stability_v1	track_b_phase3_multifile_v1_20260806	7	64	2048	True		152	152	False	released_sophon_ensemble	40J7I_R1_v1	HH4b_released_three_model_ensemble	43c7fb9b0860c0f37953a1636b1f1b73fcc320da585d4a446cb45a31a14fdec0	ff90137a4c919f0a07d47cbfb21ead3688ee49856d98a0ff16bbbaa7058eb735	9b0412c8cce16f4684910207ed3b82a1bfb6b74891c554bba1f1c3b4f9347b86	1de0398cb1116200e1ead26886dfc0d6f1c15579dab82ad689c68690509dc449	0.9457614941366046	0.05248911678791046	0.0017493115738034248	0.8855982029199367	0.11286991089582443	0.001531896647065878	0.897497883928736	0.10028429329395294	0.0022177204955369234	0.9096191936617591	0.08854777365922928	0.0018329762388020754	136	6	False	True	[1247.1405029296875,0.12471404671669006]	blocked_pending_author_clarification	
3b09ad95800e70a801cd5375bd82eac5725b193d00a265ecf2b59146fcda0251	Track B	ZJetsToQQ_DelphesHH4JTrig_merged_ntuple	zjets	zjets	root://cceos.ihep.ac.cn:1094	/eos/ihep/cms/store/user/coli/datasets/hh4b/inference/ZJetsToQQ_DelphesHH4JTrig_merged_ntuple/ZJetsToQQ_DelphesHH4JTrig_ntuple_id2500-2999.root	1749925223	cc5209ec	16	high_score_tail_stability_v1	track_b_phase3_multifile_v1_20260806	7	64	2048	True		186	186	False	released_sophon_ensemble	40J7I_R1_v1	HH4b_released_three_model_ensemble	43c7fb9b0860c0f37953a1636b1f1b73fcc320da585d4a446cb45a31a14fdec0	ff90137a4c919f0a07d47cbfb21ead3688ee49856d98a0ff16bbbaa7058eb735	9b0412c8cce16f4684910207ed3b82a1bfb6b74891c554bba1f1c3b4f9347b86	1de0398cb1116200e1ead26886dfc0d6f1c15579dab82ad689c68690509dc449	0.12285982277990115	0.8743630647659302	0.0027769887819886208	0.09422225944467755	0.9034444093704224	0.0023334224242717028	0.04433202737027386	0.9540631771087646	0.001604773453436792	0.08713803653161752	0.9106235504150391	0.0022383948865657053	136	59	True	True	[1247.1405029296875,0.12471404671669006]	blocked_pending_author_clarification	
1ee5be7f616687f705b84b9b060e7218a0d1a52cc5468ab65cef8c001cdc3d9e	Track B	ZJetsToQQ_DelphesHH4JTrig_merged_ntuple	zjets	zjets	root://cceos.ihep.ac.cn:1094	/eos/ihep/cms/store/user/coli/datasets/hh4b/inference/ZJetsToQQ_DelphesHH4JTrig_merged_ntuple/ZJetsToQQ_DelphesHH4JTrig_ntuple_id2500-2999.root	1749925223	cc5209ec	17	high_score_tail_stability_v1	track_b_phase3_multifile_v1_20260806	7	64	2048	True		127	127	False	released_sophon_ensemble	40J7I_R1_v1	HH4b_released_three_model_ensemble	43c7fb9b0860c0f37953a1636b1f1b73fcc320da585d4a446cb45a31a14fdec0	ff90137a4c919f0a07d47cbfb21ead3688ee49856d98a0ff16bbbaa7058eb735	9b0412c8cce16f4684910207ed3b82a1bfb6b74891c554bba1f1c3b4f9347b86	1de0398cb1116200e1ead26886dfc0d6f1c15579dab82ad689c68690509dc449	0.023600543427164666	0.9758973717689514	0.000502033275552094	0.017233548860303927	0.9823732376098633	0.0003932253457605839	0.02489580719065998	0.9743236303329468	0.0007805228815414011	0.021909966492709522	0.9775314132372538	0.000558593834284693	136	132	True	False	[1247.1405029296875,0.12471404671669006]	blocked_pending_author_clarification	
7008f85b9037256cd6767b9d5cd51b63a0bbcefad30b71e28b4f66c53550eae1	Track B	ZJetsToQQ_DelphesHH4JTrig_merged_ntuple	zjets	zjets	root://cceos.ihep.ac.cn:1094	/eos/ihep/cms/store/user/coli/datasets/hh4b/inference/ZJetsToQQ_DelphesHH4JTrig_merged_ntuple/ZJetsToQQ_DelphesHH4JTrig_ntuple_id2500-2999.root	1749925223	cc5209ec	18	high_score_tail_stability_v1	track_b_phase3_multifile_v1_20260806	7	64	2048	True		101	101	False	released_sophon_ensemble	40J7I_R1_v1	HH4b_released_three_model_ensemble	43c7fb9b0860c0f37953a1636b1f1b73fcc320da585d4a446cb45a31a14fdec0	ff90137a4c919f0a07d47cbfb21ead3688ee49856d98a0ff16bbbaa7058eb735	9b0412c8cce16f4684910207ed3b82a1bfb6b74891c554bba1f1c3b4f9347b86	1de0398cb1116200e1ead26886dfc0d6f1c15579dab82ad689c68690509dc449	0.18910605712744655	0.7985712289810181	0.012322742491960526	0.12308222233878041	0.8705689907073975	0.0063486541621387005	0.3445063899616798	0.6493794322013855	0.00611417880281806	0.21889822314263557	0.772839883963267	0.008261858485639095	136	117	True	False	[1247.1405029296875,0.12471404671669006]	blocked_pending_author_clarification	
aaf3fe6d5724ec59db3405e7f581d625b1bcfedab56f03a5c6beeb2004924098	Track B	ZJetsToQQ_DelphesHH4JTrig_merged_ntuple	zjets	zjets	root://cceos.ihep.ac.cn:1094	/eos/ihep/cms/store/user/coli/datasets/hh4b/inference/ZJetsToQQ_DelphesHH4JTrig_merged_ntuple/ZJetsToQQ_DelphesHH4JTrig_ntuple_id2500-2999.root	1749925223	cc5209ec	19	high_score_tail_stability_v1	track_b_phase3_multifile_v1_20260806	7	64	2048	True		124	124	False	released_sophon_ensemble	40J7I_R1_v1	HH4b_released_three_model_ensemble	43c7fb9b0860c0f37953a1636b1f1b73fcc320da585d4a446cb45a31a14fdec0	ff90137a4c919f0a07d47cbfb21ead3688ee49856d98a0ff16bbbaa7058eb735	9b0412c8cce16f4684910207ed3b82a1bfb6b74891c554bba1f1c3b4f9347b86	1de0398cb1116200e1ead26886dfc0d6f1c15579dab82ad689c68690509dc449	0.07244470853993334	0.9253680109977722	0.0021873763762414455	0.07935718144562998	0.91905677318573	0.001586093450896442	0.1418378023263358	0.8541167974472046	0.004045318812131882	0.0978798974372997	0.899513860543569	0.00260626287975659	136	32	True	True	[1247.1405029296875,0.12471404671669006]	blocked_pending_author_clarification	
d227e1280f767cad0170d9560d55904432ce262700ad533782c4249858d03e6d	Track B	ZJetsToQQ_DelphesHH4JTrig_merged_ntuple	zjets	zjets	root://cceos.ihep.ac.cn:1094	/eos/ihep/cms/store/user/coli/datasets/hh4b/inference/ZJetsToQQ_DelphesHH4JTrig_merged_ntuple/ZJetsToQQ_DelphesHH4JTrig_ntuple_id2500-2999.root	1749925223	cc5209ec	20	high_score_tail_stability_v1	track_b_phase3_multifile_v1_20260806	7	64	2048	True		144	144	False	released_sophon_ensemble	40J7I_R1_v1	HH4b_released_three_model_ensemble	43c7fb9b0860c0f37953a1636b1f1b73fcc320da585d4a446cb45a31a14fdec0	ff90137a4c919f0a07d47cbfb21ead3688ee49856d98a0ff16bbbaa7058eb735	9b0412c8cce16f4684910207ed3b82a1bfb6b74891c554bba1f1c3b4f9347b86	1de0398cb1116200e1ead26886dfc0d6f1c15579dab82ad689c68690509dc449	0.45266353764236555	0.5393972992897034	0.007939045317471027	0.6550343032868113	0.3359634280204773	0.009002230130136013	0.5474193346326501	0.45137372612953186	0.0012069247895851731	0.5517057251872757	0.4422448178132375	0.006049400079064071	136	68	True	False	[1247.1405029296875,0.12471404671669006]	blocked_pending_author_clarification	
d4913750a442d09a25a0534f17a825a618363a116a87b9876d9799aab6a4d9d9	Track B	ZJetsToQQ_DelphesHH4JTrig_merged_ntuple	zjets	zjets	root://cceos.ihep.ac.cn:1094	/eos/ihep/cms/store/user/coli/datasets/hh4b/inference/ZJetsToQQ_DelphesHH4JTrig_merged_ntuple/ZJetsToQQ_DelphesHH4JTrig_ntuple_id2500-2999.root	1749925223	cc5209ec	21	high_score_tail_stability_v1	track_b_phase3_multifile_v1_20260806	7	64	2048	True		168	168	False	released_sophon_ensemble	40J7I_R1_v1	HH4b_released_three_model_ensemble	43c7fb9b0860c0f37953a1636b1f1b73fcc320da585d4a446cb45a31a14fdec0	ff90137a4c919f0a07d47cbfb21ead3688ee49856d98a0ff16bbbaa7058eb735	9b0412c8cce16f4684910207ed3b82a1bfb6b74891c554bba1f1c3b4f9347b86	1de0398cb1116200e1ead26886dfc0d6f1c15579dab82ad689c68690509dc449	0.012478915406518354	0.9871389269828796	0.00038220849819481373	0.008147520492912008	0.9916149377822876	0.00023762955970596522	0.030385668680764866	0.9688483476638794	0.000765906588640064	0.017004034860065076	0.9825340708096822	0.000461914882180281	136	134	True	False	[1247.1405029296875,0.12471404671669006]	blocked_pending_author_clarification	
587001b4e7b207ea3271c23184d3fd30cd0f14d9d58d52a3917c84f8c8306023	Track B	ZJetsToQQ_DelphesHH4JTrig_merged_ntuple	zjets	zjets	root://cceos.ihep.ac.cn:1094	/eos/ihep/cms/store/user/coli/datasets/hh4b/inference/ZJetsToQQ_DelphesHH4JTrig_merged_ntuple/ZJetsToQQ_DelphesHH4JTrig_ntuple_id2500-2999.root	1749925223	cc5209ec	22	high_score_tail_stability_v1	track_b_phase3_multifile_v1_20260806	7	64	2048	True		189	189	False	released_sophon_ensemble	40J7I_R1_v1	HH4b_released_three_model_ensemble	43c7fb9b0860c0f37953a1636b1f1b73fcc320da585d4a446cb45a31a14fdec0	ff90137a4c919f0a07d47cbfb21ead3688ee49856d98a0ff16bbbaa7058eb735	9b0412c8cce16f4684910207ed3b82a1bfb6b74891c554bba1f1c3b4f9347b86	1de0398cb1116200e1ead26886dfc0d6f1c15579dab82ad689c68690509dc449	0.13225472275826178	0.8503361940383911	0.01740908809006214	0.06363036323591587	0.9278892874717712	0.008480469696223736	0.035251605328085134	0.857380747795105	0.10736767947673798	0.07704556377408758	0.8785354097684225	0.04441907908767462	136	15	True	True	[1247.1405029296875,0.12471404671669006]	blocked_pending_author_clarification	
83f436b90b09685a96d32536b2f7a3f6192eaf515a8e14292d68d065b65b0660	Track B	ZJetsToQQ_DelphesHH4JTrig_merged_ntuple	zjets	zjets	root://cceos.ihep.ac.cn:1094	/eos/ihep/cms/store/user/coli/datasets/hh4b/inference/ZJetsToQQ_DelphesHH4JTrig_merged_ntuple/ZJetsToQQ_DelphesHH4JTrig_ntuple_id2500-2999.root	1749925223	cc5209ec	23	high_score_tail_stability_v1	track_b_phase3_multifile_v1_20260806	7	64	2048	True		126	126	False	released_sophon_ensemble	40J7I_R1_v1	HH4b_released_three_model_ensemble	43c7fb9b0860c0f37953a1636b1f1b73fcc320da585d4a446cb45a31a14fdec0	ff90137a4c919f0a07d47cbfb21ead3688ee49856d98a0ff16bbbaa7058eb735	9b0412c8cce16f4684910207ed3b82a1bfb6b74891c554bba1f1c3b4f9347b86	1de0398cb1116200e1ead26886dfc0d6f1c15579dab82ad689c68690509dc449	0.762894756753667	0.2366357296705246	0.00046952301636338234	0.6237795756787818	0.3759346008300781	0.0002857705985661596	0.8211370169428847	0.17834590375423431	0.000517131993547082	0.7359371164584445	0.26363874475161236	0.00042414186949220795	136	63	True	False	[1247.1405029296875,0.12471404671669006]	blocked_pending_author_clarification	
b9e04b4600b77f28644f48e77484ada0a7a119fb7cd4f08a88d09d65bc172a50	Track B	ZJetsToQQ_DelphesHH4JTrig_merged_ntuple	zjets	zjets	root://cceos.ihep.ac.cn:1094	/eos/ihep/cms/store/user/coli/datasets/hh4b/inference/ZJetsToQQ_DelphesHH4JTrig_merged_ntuple/ZJetsToQQ_DelphesHH4JTrig_ntuple_id2500-2999.root	1749925223	cc5209ec	24	high_score_tail_stability_v1	track_b_phase3_multifile_v1_20260806	7	64	2048	True		108	108	False	released_sophon_ensemble	40J7I_R1_v1	HH4b_released_three_model_ensemble	43c7fb9b0860c0f37953a1636b1f1b73fcc320da585d4a446cb45a31a14fdec0	ff90137a4c919f0a07d47cbfb21ead3688ee49856d98a0ff16bbbaa7058eb735	9b0412c8cce16f4684910207ed3b82a1bfb6b74891c554bba1f1c3b4f9347b86	1de0398cb1116200e1ead26886dfc0d6f1c15579dab82ad689c68690509dc449	0.02210617998161979	0.9735013842582703	0.0043924045749008656	0.031146433195317513	0.9662088751792908	0.002644631313160062	0.009833733469349681	0.9886407852172852	0.001525550615042448	0.021028782215428993	0.9761170148849487	0.0028541955010344586	136	114	True	False	[1247.1405029296875,0.12471404671669006]	blocked_pending_author_clarification	
1f6865fa222a09f414a67bfad1ed6e24c8f8f78898f39a6535eaa1497cefa097	Track B	ZJetsToQQ_DelphesHH4JTrig_merged_ntuple	zjets	zjets	root://cceos.ihep.ac.cn:1094	/eos/ihep/cms/store/user/coli/datasets/hh4b/inference/ZJetsToQQ_DelphesHH4JTrig_merged_ntuple/ZJetsToQQ_DelphesHH4JTrig_ntuple_id2500-2999.root	1749925223	cc5209ec	25	high_score_tail_stability_v1	track_b_phase3_multifile_v1_20260806	7	64	2048	True		170	170	False	released_sophon_ensemble	40J7I_R1_v1	HH4b_released_three_model_ensemble	43c7fb9b0860c0f37953a1636b1f1b73fcc320da585d4a446cb45a31a14fdec0	ff90137a4c919f0a07d47cbfb21ead3688ee49856d98a0ff16bbbaa7058eb735	9b0412c8cce16f4684910207ed3b82a1bfb6b74891c554bba1f1c3b4f9347b86	1de0398cb1116200e1ead26886dfc0d6f1c15579dab82ad689c68690509dc449	0.10521005625196267	0.47740769386291504	0.41738221049308777	0.15803532939753495	0.4507518410682678	0.39121294021606445	0.11810522433370352	0.5905374884605408	0.29135724902153015	0.12711686999440036	0.5062323411305746	0.3666507999102275	136	13	True	False	[1247.1405029296875,0.12471404671669006]	blocked_pending_author_clarification	
ec1d2f2b758f924056f3fa18c0eea591918b829e43f647c741f3f10fe51c7f14	Track B	ZJetsToQQ_DelphesHH4JTrig_merged_ntuple	zjets	zjets	root://cceos.ihep.ac.cn:1094	/eos/ihep/cms/store/user/coli/datasets/hh4b/inference/ZJetsToQQ_DelphesHH4JTrig_merged_ntuple/ZJetsToQQ_DelphesHH4JTrig_ntuple_id2500-2999.root	1749925223	cc5209ec	26	high_score_tail_stability_v1	track_b_phase3_multifile_v1_20260806	7	64	2048	True		180	180	False	released_sophon_ensemble	40J7I_R1_v1	HH4b_released_three_model_ensemble	43c7fb9b0860c0f37953a1636b1f1b73fcc320da585d4a446cb45a31a14fdec0	ff90137a4c919f0a07d47cbfb21ead3688ee49856d98a0ff16bbbaa7058eb735	9b0412c8cce16f4684910207ed3b82a1bfb6b74891c554bba1f1c3b4f9347b86	1de0398cb1116200e1ead26886dfc0d6f1c15579dab82ad689c68690509dc449	0.9218567273694589	0.05009173974394798	0.028051547706127167	0.7978010686965717	0.09273523092269897	0.10946371406316757	0.867614869638146	0.05597010627388954	0.07641495019197464	0.8624242219013923	0.06626569231351216	0.07131007065375645	137	132	False	True	[1247.1405029296875,0.12471404671669006]	blocked_pending_author_clarification	
cf1fdd084a580747c44856542f0412f485ceb2619d01cac3f9ef8e2519ead0d4	Track B	ZJetsToQQ_DelphesHH4JTrig_merged_ntuple	zjets	zjets	root://cceos.ihep.ac.cn:1094	/eos/ihep/cms/store/user/coli/datasets/hh4b/inference/ZJetsToQQ_DelphesHH4JTrig_merged_ntuple/ZJetsToQQ_DelphesHH4JTrig_ntuple_id2500-2999.root	1749925223	cc5209ec	27	high_score_tail_stability_v1	track_b_phase3_multifile_v1_20260806	7	64	2048	True		222	222	False	released_sophon_ensemble	40J7I_R1_v1	HH4b_released_three_model_ensemble	43c7fb9b0860c0f37953a1636b1f1b73fcc320da585d4a446cb45a31a14fdec0	ff90137a4c919f0a07d47cbfb21ead3688ee49856d98a0ff16bbbaa7058eb735	9b0412c8cce16f4684910207ed3b82a1bfb6b74891c554bba1f1c3b4f9347b86	1de0398cb1116200e1ead26886dfc0d6f1c15579dab82ad689c68690509dc449	0.030409979382056918	0.9211322665214539	0.04845771938562393	0.035185465905669844	0.8619412779808044	0.102873295545578	0.062258721780381165	0.8706626892089844	0.06707863509654999	0.042618055689369314	0.8845787445704142	0.07280321667591731	136	15	True	True	[1247.1405029296875,0.12471404671669006]	blocked_pending_author_clarification	
09679dcca51cfe72c35f348625c2a7b42b29c39c2bdb4c744b56ab6bba168443	Track B	ZJetsToQQ_DelphesHH4JTrig_merged_ntuple	zjets	zjets	root://cceos.ihep.ac.cn:1094	/eos/ihep/cms/store/user/coli/datasets/hh4b/inference/ZJetsToQQ_DelphesHH4JTrig_merged_ntuple/ZJetsToQQ_DelphesHH4JTrig_ntuple_id2500-2999.root	1749925223	cc5209ec	28	high_score_tail_stability_v1	track_b_phase3_multifile_v1_20260806	7	64	2048	True		147	147	False	released_sophon_ensemble	40J7I_R1_v1	HH4b_released_three_model_ensemble	43c7fb9b0860c0f37953a1636b1f1b73fcc320da585d4a446cb45a31a14fdec0	ff90137a4c919f0a07d47cbfb21ead3688ee49856d98a0ff16bbbaa7058eb735	9b0412c8cce16f4684910207ed3b82a1bfb6b74891c554bba1f1c3b4f9347b86	1de0398cb1116200e1ead26886dfc0d6f1c15579dab82ad689c68690509dc449	0.5434015080383006	0.45632922649383545	0.00026924361009150743	0.39978463374109197	0.5999371409416199	0.0002782814553938806	0.45060231357138036	0.5480474233627319	0.0013502249494194984	0.464596151783591	0.5347712635993958	0.0006325833383016288	136	109	True	False	[1247.1405029296875,0.12471404671669006]	blocked_pending_author_clarification	
ab2ff36870e84503b871096ef689f3b0e17be370de1035a5a24114cb1eda8ab4	Track B	ZJetsToQQ_DelphesHH4JTrig_merged_ntuple	zjets	zjets	root://cceos.ihep.ac.cn:1094	/eos/ihep/cms/store/user/coli/datasets/hh4b/inference/ZJetsToQQ_DelphesHH4JTrig_merged_ntuple/ZJetsToQQ_DelphesHH4JTrig_ntuple_id2500-2999.root	1749925223	cc5209ec	29	high_score_tail_stability_v1	track_b_phase3_multifile_v1_20260806	7	64	2048	True		139	139	False	released_sophon_ensemble	40J7I_R1_v1	HH4b_released_three_model_ensemble	43c7fb9b0860c0f37953a1636b1f1b73fcc320da585d4a446cb45a31a14fdec0	ff90137a4c919f0a07d47cbfb21ead3688ee49856d98a0ff16bbbaa7058eb735	9b0412c8cce16f4684910207ed3b82a1bfb6b74891c554bba1f1c3b4f9347b86	1de0398cb1116200e1ead26886dfc0d6f1c15579dab82ad689c68690509dc449	0.06914711733406875	0.8415920734405518	0.08926067501306534	0.039156694115263235	0.9066055417060852	0.054237741976976395	0.052470396913122386	0.9060933589935303	0.04143620282411575	0.053591402787484796	0.8847636580467224	0.061644873271385826	136	90	True	False	[1247.1405029296875,0.12471404671669006]	blocked_pending_author_clarification	
dc8bb5e427fcc8f2befbb66da3aab935ee8f24e094fee426d819164730928f65	Track B	ZJetsToQQ_DelphesHH4JTrig_merged_ntuple	zjets	zjets	root://cceos.ihep.ac.cn:1094	/eos/ihep/cms/store/user/coli/datasets/hh4b/inference/ZJetsToQQ_DelphesHH4JTrig_merged_ntuple/ZJetsToQQ_DelphesHH4JTrig_ntuple_id2500-2999.root	1749925223	cc5209ec	30	high_score_tail_stability_v1	track_b_phase3_multifile_v1_20260806	7	64	2048	True		124	124	False	released_sophon_ensemble	40J7I_R1_v1	HH4b_released_three_model_ensemble	43c7fb9b0860c0f37953a1636b1f1b73fcc320da585d4a446cb45a31a14fdec0	ff90137a4c919f0a07d47cbfb21ead3688ee49856d98a0ff16bbbaa7058eb735	9b0412c8cce16f4684910207ed3b82a1bfb6b74891c554bba1f1c3b4f9347b86	1de0398cb1116200e1ead26886dfc0d6f1c15579dab82ad689c68690509dc449	0.018540810162903654	0.9790646433830261	0.002394641051068902	0.019784595252986037	0.9789011478424072	0.00131422805134207	0.013027275582544462	0.9850504398345947	0.0019223090494051576	0.017117560332811383	0.9810054103533427	0.00187705938393871	136	69	True	False	[1247.1405029296875,0.12471404671669006]	blocked_pending_author_clarification	
f867669113afe406956edaf57d465a0ee84116f97dd11e3402d04507adc55a8e	Track B	ZJetsToQQ_DelphesHH4JTrig_merged_ntuple	zjets	zjets	root://cceos.ihep.ac.cn:1094	/eos/ihep/cms/store/user/coli/datasets/hh4b/inference/ZJetsToQQ_DelphesHH4JTrig_merged_ntuple/ZJetsToQQ_DelphesHH4JTrig_ntuple_id2500-2999.root	1749925223	cc5209ec	31	high_score_tail_stability_v1	track_b_phase3_multifile_v1_20260806	7	64	2048	True		123	123	False	released_sophon_ensemble	40J7I_R1_v1	HH4b_released_three_model_ensemble	43c7fb9b0860c0f37953a1636b1f1b73fcc320da585d4a446cb45a31a14fdec0	ff90137a4c919f0a07d47cbfb21ead3688ee49856d98a0ff16bbbaa7058eb735	9b0412c8cce16f4684910207ed3b82a1bfb6b74891c554bba1f1c3b4f9347b86	1de0398cb1116200e1ead26886dfc0d6f1c15579dab82ad689c68690509dc449	0.013966168351544184	0.9858749508857727	0.00015880355203989893	0.019363087791134603	0.98042893409729	0.00020807186956517398	0.038452939872513525	0.9614228010177612	0.00012436870019882917	0.02392739867173077	0.975908895333608	0.0001637480406013007	136	30	True	True	[1247.1405029296875,0.12471404671669006]	blocked_pending_author_clarification	
fc412dad4f554e0058a75ecfc60cf4a533a61fff90c3ecc17d2000f69ce91e27	Track B	ZJetsToQQ_DelphesHH4JTrig_merged_ntuple	zjets	zjets	root://cceos.ihep.ac.cn:1094	/eos/ihep/cms/store/user/coli/datasets/hh4b/inference/ZJetsToQQ_DelphesHH4JTrig_merged_ntuple/ZJetsToQQ_DelphesHH4JTrig_ntuple_id2500-2999.root	1749925223	cc5209ec	32	high_score_tail_stability_v1	track_b_phase3_multifile_v1_20260806	7	64	2048	True		176	176	False	released_sophon_ensemble	40J7I_R1_v1	HH4b_released_three_model_ensemble	43c7fb9b0860c0f37953a1636b1f1b73fcc320da585d4a446cb45a31a14fdec0	ff90137a4c919f0a07d47cbfb21ead3688ee49856d98a0ff16bbbaa7058eb735	9b0412c8cce16f4684910207ed3b82a1bfb6b74891c554bba1f1c3b4f9347b86	1de0398cb1116200e1ead26886dfc0d6f1c15579dab82ad689c68690509dc449	0.17229685828351649	0.1253824681043625	0.7023207545280457	0.29242375669127796	0.24363358318805695	0.46394258737564087	0.39228506160725374	0.22749362885951996	0.38022133708000183	0.2856685588606827	0.19883656005064645	0.5154948929945627	137	71	True	False	[1247.1405029296875,0.12471404671669006]	blocked_pending_author_clarification	
1a5b567e4246341445a999c28d8f96911d1a3d953fd6696feba2cc2208d76402	Track B	ZJetsToQQ_DelphesHH4JTrig_merged_ntuple	zjets	zjets	root://cceos.ihep.ac.cn:1094	/eos/ihep/cms/store/user/coli/datasets/hh4b/inference/ZJetsToQQ_DelphesHH4JTrig_merged_ntuple/ZJetsToQQ_DelphesHH4JTrig_ntuple_id2500-2999.root	1749925223	cc5209ec	33	high_score_tail_stability_v1	track_b_phase3_multifile_v1_20260806	7	64	2048	True		168	168	False	released_sophon_ensemble	40J7I_R1_v1	HH4b_released_three_model_ensemble	43c7fb9b0860c0f37953a1636b1f1b73fcc320da585d4a446cb45a31a14fdec0	ff90137a4c919f0a07d47cbfb21ead3688ee49856d98a0ff16bbbaa7058eb735	9b0412c8cce16f4684910207ed3b82a1bfb6b74891c554bba1f1c3b4f9347b86	1de0398cb1116200e1ead26886dfc0d6f1c15579dab82ad689c68690509dc449	0.804349062487745	0.1955559104681015	9.504601621301845e-05	0.8675745279233524	0.1323196291923523	0.00010588360601104796	0.808386127166159	0.19152258336544037	9.12547911866568e-05	0.8267699058590855	0.17313270767529806	9.739480447024107e-05	136	80	True	False	[1247.1405029296875,0.12471404671669006]	blocked_pending_author_clarification	
138e29064038eeb276704906c59b8d92cc2d99f0898055813924751ab0da0cb6	Track B	ZJetsToQQ_DelphesHH4JTrig_merged_ntuple	zjets	zjets	root://cceos.ihep.ac.cn:1094	/eos/ihep/cms/store/user/coli/datasets/hh4b/inference/ZJetsToQQ_DelphesHH4JTrig_merged_ntuple/ZJetsToQQ_DelphesHH4JTrig_ntuple_id2500-2999.root	1749925223	cc5209ec	34	high_score_tail_stability_v1	track_b_phase3_multifile_v1_20260806	7	64	2048	True		117	117	False	released_sophon_ensemble	40J7I_R1_v1	HH4b_released_three_model_ensemble	43c7fb9b0860c0f37953a1636b1f1b73fcc320da585d4a446cb45a31a14fdec0	ff90137a4c919f0a07d47cbfb21ead3688ee49856d98a0ff16bbbaa7058eb735	9b0412c8cce16f4684910207ed3b82a1bfb6b74891c554bba1f1c3b4f9347b86	1de0398cb1116200e1ead26886dfc0d6f1c15579dab82ad689c68690509dc449	0.04742938021900045	0.9525211453437805	4.944267857354134e-05	0.044910745575180044	0.9550448656082153	4.433562571648508e-05	0.06558072527150216	0.9343518614768982	6.738057709299028e-05	0.052640283688560885	0.947305957476298	5.371962712767223e-05	136	6	True	True	[1247.1405029296875,0.12471404671669006]	blocked_pending_author_clarification	
41178cdc23d9767f832c21817049bf5f85f150e170341336b98cc063d8c7e5a7	Track B	ZJetsToQQ_DelphesHH4JTrig_merged_ntuple	zjets	zjets	root://cceos.ihep.ac.cn:1094	/eos/ihep/cms/store/user/coli/datasets/hh4b/inference/ZJetsToQQ_DelphesHH4JTrig_merged_ntuple/ZJetsToQQ_DelphesHH4JTrig_ntuple_id2500-2999.root	1749925223	cc5209ec	35	high_score_tail_stability_v1	track_b_phase3_multifile_v1_20260806	7	64	2048	True		101	101	False	released_sophon_ensemble	40J7I_R1_v1	HH4b_released_three_model_ensemble	43c7fb9b0860c0f37953a1636b1f1b73fcc320da585d4a446cb45a31a14fdec0	ff90137a4c919f0a07d47cbfb21ead3688ee49856d98a0ff16bbbaa7058eb735	9b0412c8cce16f4684910207ed3b82a1bfb6b74891c554bba1f1c3b4f9347b86	1de0398cb1116200e1ead26886dfc0d6f1c15579dab82ad689c68690509dc449	0.019230042183153273	0.9807012677192688	6.865620525786653e-05	0.02741056621016469	0.972443163394928	0.000146247839438729	0.03548848866239496	0.9644481539726257	6.33809540886432e-05	0.027376365685237637	0.9725308616956075	9.276166626174624e-05	136	46	True	False	[1247.1405029296875,0.12471404671669006]	blocked_pending_author_clarification	
2e2855c5ae081a6de4c0ae246be1e1ff9527ac3e76d11a0f346f4f1ff9ee07eb	Track B	ZJetsToQQ_DelphesHH4JTrig_merged_ntuple	zjets	zjets	root://cceos.ihep.ac.cn:1094	/eos/ihep/cms/store/user/coli/datasets/hh4b/inference/ZJetsToQQ_DelphesHH4JTrig_merged_ntuple/ZJetsToQQ_DelphesHH4JTrig_ntuple_id2500-2999.root	1749925223	cc5209ec	36	high_score_tail_stability_v1	track_b_phase3_multifile_v1_20260806	7	64	2048	True		113	113	False	released_sophon_ensemble	40J7I_R1_v1	HH4b_released_three_model_ensemble	43c7fb9b0860c0f37953a1636b1f1b73fcc320da585d4a446cb45a31a14fdec0	ff90137a4c919f0a07d47cbfb21ead3688ee49856d98a0ff16bbbaa7058eb735	9b0412c8cce16f4684910207ed3b82a1bfb6b74891c554bba1f1c3b4f9347b86	1de0398cb1116200e1ead26886dfc0d6f1c15579dab82ad689c68690509dc449	0.011911210865264366	0.9880573749542236	3.1361352739622816e-05	0.009158752141843252	0.9908218383789062	1.938295281433966e-05	0.009744832269859671	0.9902356266975403	1.9436660295468755e-05	0.010271598425655762	0.98970494667689	2.3393655283143744e-05	136	74	True	False	[1247.1405029296875,0.12471404671669006]	blocked_pending_author_clarification	
9a47b350d4ce5e28c3857b1c9bea4b942f43fccd0a7f37ccb592c67a108e781a	Track B	ZJetsToQQ_DelphesHH4JTrig_merged_ntuple	zjets	zjets	root://cceos.ihep.ac.cn:1094	/eos/ihep/cms/store/user/coli/datasets/hh4b/inference/ZJetsToQQ_DelphesHH4JTrig_merged_ntuple/ZJetsToQQ_DelphesHH4JTrig_ntuple_id2500-2999.root	1749925223	cc5209ec	37	high_score_tail_stability_v1	track_b_phase3_multifile_v1_20260806	7	64	2048	True		167	167	False	released_sophon_ensemble	40J7I_R1_v1	HH4b_released_three_model_ensemble	43c7fb9b0860c0f37953a1636b1f1b73fcc320da585d4a446cb45a31a14fdec0	ff90137a4c919f0a07d47cbfb21ead3688ee49856d98a0ff16bbbaa7058eb735	9b0412c8cce16f4684910207ed3b82a1bfb6b74891c554bba1f1c3b4f9347b86	1de0398cb1116200e1ead26886dfc0d6f1c15579dab82ad689c68690509dc449	0.017336838297524082	0.9605812430381775	0.02208206057548523	0.013156831943888392	0.9639565348625183	0.022886663675308228	0.0029327250756523426	0.9873129725456238	0.009754293598234653	0.01114213177235494	0.9706169168154398	0.018241005949676037	136	39	True	False	[1247.1405029296875,0.12471404671669006]	blocked_pending_author_clarification	
38e54cc4ebb39bc17a980aeb9d13a9e382f1c47c9cfbbf01563b6f724abb0a39	Track B	ZJetsToQQ_DelphesHH4JTrig_merged_ntuple	zjets	zjets	root://cceos.ihep.ac.cn:1094	/eos/ihep/cms/store/user/coli/datasets/hh4b/inference/ZJetsToQQ_DelphesHH4JTrig_merged_ntuple/ZJetsToQQ_DelphesHH4JTrig_ntuple_id2500-2999.root	1749925223	cc5209ec	38	high_score_tail_stability_v1	track_b_phase3_multifile_v1_20260806	7	64	2048	True		135	135	False	released_sophon_ensemble	40J7I_R1_v1	HH4b_released_three_model_ensemble	43c7fb9b0860c0f37953a1636b1f1b73fcc320da585d4a446cb45a31a14fdec0	ff90137a4c919f0a07d47cbfb21ead3688ee49856d98a0ff16bbbaa7058eb735	9b0412c8cce16f4684910207ed3b82a1bfb6b74891c554bba1f1c3b4f9347b86	1de0398cb1116200e1ead26886dfc0d6f1c15579dab82ad689c68690509dc449	0.06916956558052334	0.9299083352088928	0.0009222532971762121	0.06749202466744464	0.9316710829734802	0.0008368470589630306	0.05750550573429791	0.9416280388832092	0.0008665319182910025	0.06472236532742197	0.9344024856885275	0.0008752107581434151	136	64	True	False	[1247.1405029296875,0.12471404671669006]	blocked_pending_author_clarification	
53a24f66c083406eb85319f3938e57a3eec4cc6b7d8e76b5b2bebc0f574b9694	Track B	ZJetsToQQ_DelphesHH4JTrig_merged_ntuple	zjets	zjets	root://cceos.ihep.ac.cn:1094	/eos/ihep/cms/store/user/coli/datasets/hh4b/inference/ZJetsToQQ_DelphesHH4JTrig_merged_ntuple/ZJetsToQQ_DelphesHH4JTrig_ntuple_id2500-2999.root	1749925223	cc5209ec	39	high_score_tail_stability_v1	track_b_phase3_multifile_v1_20260806	7	64	2048	True		147	147	False	released_sophon_ensemble	40J7I_R1_v1	HH4b_released_three_model_ensemble	43c7fb9b0860c0f37953a1636b1f1b73fcc320da585d4a446cb45a31a14fdec0	ff90137a4c919f0a07d47cbfb21ead3688ee49856d98a0ff16bbbaa7058eb735	9b0412c8cce16f4684910207ed3b82a1bfb6b74891c554bba1f1c3b4f9347b86	1de0398cb1116200e1ead26886dfc0d6f1c15579dab82ad689c68690509dc449	0.0947492165651056	0.8779714703559875	0.02727934718132019	0.11518091546895448	0.8740965723991394	0.010722500272095203	0.12747270120598841	0.8438034653663635	0.02872377447783947	0.11246761108001616	0.8652905027071635	0.022241873977084953	136	57	True	False	[1247.1405029296875,0.12471404671669006]	blocked_pending_author_clarification	
87b1388be5686e56fbe6fea17f13ebbddb8f556f05a9170ff7f19a6e5194649d	Track B	ZJetsToQQ_DelphesHH4JTrig_merged_ntuple	zjets	zjets	root://cceos.ihep.ac.cn:1094	/eos/ihep/cms/store/user/coli/datasets/hh4b/inference/ZJetsToQQ_DelphesHH4JTrig_merged_ntuple/ZJetsToQQ_DelphesHH4JTrig_ntuple_id2500-2999.root	1749925223	cc5209ec	40	high_score_tail_stability_v1	track_b_phase3_multifile_v1_20260806	7	64	2048	True		157	157	False	released_sophon_ensemble	40J7I_R1_v1	HH4b_released_three_model_ensemble	43c7fb9b0860c0f37953a1636b1f1b73fcc320da585d4a446cb45a31a14fdec0	ff90137a4c919f0a07d47cbfb21ead3688ee49856d98a0ff16bbbaa7058eb735	9b0412c8cce16f4684910207ed3b82a1bfb6b74891c554bba1f1c3b4f9347b86	1de0398cb1116200e1ead26886dfc0d6f1c15579dab82ad689c68690509dc449	0.9961977919447236	0.003565395250916481	0.00023680459707975388	0.9955758408177644	0.004317290615290403	0.00010685406596167013	0.99849743838422	0.0013692239299416542	0.00013333105016499758	0.9967570237155694	0.003083969932049513	0.00015899657106880719	46	46	False	False	[1247.1405029296875,0.12471404671669006]	blocked_pending_author_clarification	
a224c11615c8e59148df76f4c7c89044613c533d1904fb0bf39bf9aba4586021	Track B	ZJetsToQQ_DelphesHH4JTrig_merged_ntuple	zjets	zjets	root://cceos.ihep.ac.cn:1094	/eos/ihep/cms/store/user/coli/datasets/hh4b/inference/ZJetsToQQ_DelphesHH4JTrig_merged_ntuple/ZJetsToQQ_DelphesHH4JTrig_ntuple_id2500-2999.root	1749925223	cc5209ec	41	high_score_tail_stability_v1	track_b_phase3_multifile_v1_20260806	7	64	2048	True		183	183	False	released_sophon_ensemble	40J7I_R1_v1	HH4b_released_three_model_ensemble	43c7fb9b0860c0f37953a1636b1f1b73fcc320da585d4a446cb45a31a14fdec0	ff90137a4c919f0a07d47cbfb21ead3688ee49856d98a0ff16bbbaa7058eb735	9b0412c8cce16f4684910207ed3b82a1bfb6b74891c554bba1f1c3b4f9347b86	1de0398cb1116200e1ead26886dfc0d6f1c15579dab82ad689c68690509dc449	0.21204560089972802	0.7726502418518066	0.01530415378510952	0.3805682989113848	0.5889800190925598	0.030451735481619835	0.178921591170365	0.8005420565605164	0.020536383613944054	0.2571784969938259	0.7207241058349609	0.022097424293557804	136	59	True	False	[1247.1405029296875,0.12471404671669006]	blocked_pending_author_clarification	
afdf694cce87cc92ca8f924c6a7d72ba65af2d1fbf46e498d5e836056ed39031	Track B	ZJetsToQQ_DelphesHH4JTrig_merged_ntuple	zjets	zjets	root://cceos.ihep.ac.cn:1094	/eos/ihep/cms/store/user/coli/datasets/hh4b/inference/ZJetsToQQ_DelphesHH4JTrig_merged_ntuple/ZJetsToQQ_DelphesHH4JTrig_ntuple_id2500-2999.root	1749925223	cc5209ec	42	high_score_tail_stability_v1	track_b_phase3_multifile_v1_20260806	7	64	2048	True		135	135	False	released_sophon_ensemble	40J7I_R1_v1	HH4b_released_three_model_ensemble	43c7fb9b0860c0f37953a1636b1f1b73fcc320da585d4a446cb45a31a14fdec0	ff90137a4c919f0a07d47cbfb21ead3688ee49856d98a0ff16bbbaa7058eb735	9b0412c8cce16f4684910207ed3b82a1bfb6b74891c554bba1f1c3b4f9347b86	1de0398cb1116200e1ead26886dfc0d6f1c15579dab82ad689c68690509dc449	6.419040087024541e-06	0.999869704246521	0.00012374785728752613	1.7908659669774174e-05	0.9997875094413757	0.00019454403081908822	8.32371346354277e-06	0.9996862411499023	0.0003055211273021996	1.0883804406780495e-05	0.9997811516125997	0.00020793767180293798	136	90	True	False	[1247.1405029296875,0.12471404671669006]	blocked_pending_author_clarification	
6a2ed9effc284478b789a8d297277a05d7deb6c9ba240763e8659d6db3dc6f2e	Track B	ZJetsToQQ_DelphesHH4JTrig_merged_ntuple	zjets	zjets	root://cceos.ihep.ac.cn:1094	/eos/ihep/cms/store/user/coli/datasets/hh4b/inference/ZJetsToQQ_DelphesHH4JTrig_merged_ntuple/ZJetsToQQ_DelphesHH4JTrig_ntuple_id2500-2999.root	1749925223	cc5209ec	43	high_score_tail_stability_v1	track_b_phase3_multifile_v1_20260806	7	64	2048	True		66	66	False	released_sophon_ensemble	40J7I_R1_v1	HH4b_released_three_model_ensemble	43c7fb9b0860c0f37953a1636b1f1b73fcc320da585d4a446cb45a31a14fdec0	ff90137a4c919f0a07d47cbfb21ead3688ee49856d98a0ff16bbbaa7058eb735	9b0412c8cce16f4684910207ed3b82a1bfb6b74891c554bba1f1c3b4f9347b86	1de0398cb1116200e1ead26886dfc0d6f1c15579dab82ad689c68690509dc449	0.9518669107328606	0.048075467348098755	5.769325071014464e-05	0.9850761928969405	0.01489490270614624	2.880017382267397e-05	0.9687193196778026	0.031172484159469604	0.00010824426863109693	0.9685541411025346	0.03138095140457153	6.491256438797184e-05	90	90	False	False	[1247.1405029296875,0.12471404671669006]	blocked_pending_author_clarification	
437db2a24687e34bb5edfd33b8e17cd12293ad9f64c5d5c077946e1f61553901	Track B	ZJetsToQQ_DelphesHH4JTrig_merged_ntuple	zjets	zjets	root://cceos.ihep.ac.cn:1094	/eos/ihep/cms/store/user/coli/datasets/hh4b/inference/ZJetsToQQ_DelphesHH4JTrig_merged_ntuple/ZJetsToQQ_DelphesHH4JTrig_ntuple_id2500-2999.root	1749925223	cc5209ec	44	high_score_tail_stability_v1	track_b_phase3_multifile_v1_20260806	7	64	2048	True		125	125	False	released_sophon_ensemble	40J7I_R1_v1	HH4b_released_three_model_ensemble	43c7fb9b0860c0f37953a1636b1f1b73fcc320da585d4a446cb45a31a14fdec0	ff90137a4c919f0a07d47cbfb21ead3688ee49856d98a0ff16bbbaa7058eb735	9b0412c8cce16f4684910207ed3b82a1bfb6b74891c554bba1f1c3b4f9347b86	1de0398cb1116200e1ead26886dfc0d6f1c15579dab82ad689c68690509dc449	0.5834535246631276	0.35724955797195435	0.059296950697898865	0.5485784269058058	0.39876607060432434	0.052655525505542755	0.504182657943602	0.4318143129348755	0.06400298327207565	0.5454048698375118	0.3959433138370514	0.058651819825172424	136	134	True	True	[1247.1405029296875,0.12471404671669006]	blocked_pending_author_clarification	
f84b65372f6d4542e30fad8ea80a544cefd1704dc959d6f596f3fca98891170d	Track B	ZJetsToQQ_DelphesHH4JTrig_merged_ntuple	zjets	zjets	root://cceos.ihep.ac.cn:1094	/eos/ihep/cms/store/user/coli/datasets/hh4b/inference/ZJetsToQQ_DelphesHH4JTrig_merged_ntuple/ZJetsToQQ_DelphesHH4JTrig_ntuple_id2500-2999.root	1749925223	cc5209ec	45	high_score_tail_stability_v1	track_b_phase3_multifile_v1_20260806	7	64	2048	True		116	116	False	released_sophon_ensemble	40J7I_R1_v1	HH4b_released_three_model_ensemble	43c7fb9b0860c0f37953a1636b1f1b73fcc320da585d4a446cb45a31a14fdec0	ff90137a4c919f0a07d47cbfb21ead3688ee49856d98a0ff16bbbaa7058eb735	9b0412c8cce16f4684910207ed3b82a1bfb6b74891c554bba1f1c3b4f9347b86	1de0398cb1116200e1ead26886dfc0d6f1c15579dab82ad689c68690509dc449	0.8903584419022081	0.1091078519821167	0.0005336178583092988	0.9242651343010948	0.07533735781908035	0.00039750535506755114	0.9477054123562993	0.051816489547491074	0.00047809164971113205	0.9207763295198674	0.07875389978289604	0.00046973828769599396	136	46	False	False	[1247.1405029296875,0.12471404671669006]	blocked_pending_author_clarification	
89f086dbc53b598a3267f6475fa7df90dad7b7a36210f7aca186cfa9243a7542	Track B	ZJetsToQQ_DelphesHH4JTrig_merged_ntuple	zjets	zjets	root://cceos.ihep.ac.cn:1094	/eos/ihep/cms/store/user/coli/datasets/hh4b/inference/ZJetsToQQ_DelphesHH4JTrig_merged_ntuple/ZJetsToQQ_DelphesHH4JTrig_ntuple_id2500-2999.root	1749925223	cc5209ec	46	high_score_tail_stability_v1	track_b_phase3_multifile_v1_20260806	7	64	2048	True		129	129	False	released_sophon_ensemble	40J7I_R1_v1	HH4b_released_three_model_ensemble	43c7fb9b0860c0f37953a1636b1f1b73fcc320da585d4a446cb45a31a14fdec0	ff90137a4c919f0a07d47cbfb21ead3688ee49856d98a0ff16bbbaa7058eb735	9b0412c8cce16f4684910207ed3b82a1bfb6b74891c554bba1f1c3b4f9347b86	1de0398cb1116200e1ead26886dfc0d6f1c15579dab82ad689c68690509dc449	0.0015658968653724514	0.9983919262886047	4.204719516565092e-05	0.002796299395185997	0.997183620929718	2.006909744523e-05	0.001988034611713374	0.9979889392852783	2.3093629351933487e-05	0.0021167436240906077	0.9978548288345337	2.8403307320938136e-05	136	101	True	True	[1247.1405029296875,0.12471404671669006]	blocked_pending_author_clarification	
c941c1d14c9eac76e5419db8496f7a6e78e43d6d5a63166eab90c402648679d4	Track B	ZJetsToQQ_DelphesHH4JTrig_merged_ntuple	zjets	zjets	root://cceos.ihep.ac.cn:1094	/eos/ihep/cms/store/user/coli/datasets/hh4b/inference/ZJetsToQQ_DelphesHH4JTrig_merged_ntuple/ZJetsToQQ_DelphesHH4JTrig_ntuple_id2500-2999.root	1749925223	cc5209ec	47	high_score_tail_stability_v1	track_b_phase3_multifile_v1_20260806	7	64	2048	True		147	147	False	released_sophon_ensemble	40J7I_R1_v1	HH4b_released_three_model_ensemble	43c7fb9b0860c0f37953a1636b1f1b73fcc320da585d4a446cb45a31a14fdec0	ff90137a4c919f0a07d47cbfb21ead3688ee49856d98a0ff16bbbaa7058eb735	9b0412c8cce16f4684910207ed3b82a1bfb6b74891c554bba1f1c3b4f9347b86	1de0398cb1116200e1ead26886dfc0d6f1c15579dab82ad689c68690509dc449	1.0905875956757072e-05	0.9999165534973145	7.244320295285434e-05	1.071429402221824e-05	0.9999189376831055	7.031410495983437e-05	3.962245415711774e-06	0.9999592304229736	3.6868696042802185e-05	8.52747179822903e-06	0.9999315738677979	5.9875334651830293e-05	136	129	True	False	[1247.1405029296875,0.12471404671669006]	blocked_pending_author_clarification	
9d07563e5d8ddc20f11c884c435efc62da30c701c53e19bb61650910cfd60be2	Track B	ZJetsToQQ_DelphesHH4JTrig_merged_ntuple	zjets	zjets	root://cceos.ihep.ac.cn:1094	/eos/ihep/cms/store/user/coli/datasets/hh4b/inference/ZJetsToQQ_DelphesHH4JTrig_merged_ntuple/ZJetsToQQ_DelphesHH4JTrig_ntuple_id2500-2999.root	1749925223	cc5209ec	48	high_score_tail_stability_v1	track_b_phase3_multifile_v1_20260806	7	64	2048	True		140	140	False	released_sophon_ensemble	40J7I_R1_v1	HH4b_released_three_model_ensemble	43c7fb9b0860c0f37953a1636b1f1b73fcc320da585d4a446cb45a31a14fdec0	ff90137a4c919f0a07d47cbfb21ead3688ee49856d98a0ff16bbbaa7058eb735	9b0412c8cce16f4684910207ed3b82a1bfb6b74891c554bba1f1c3b4f9347b86	1de0398cb1116200e1ead26886dfc0d6f1c15579dab82ad689c68690509dc449	0.017235482578371375	0.9823254942893982	0.00043894973350688815	0.018766006993701012	0.9807243347167969	0.0005097271641716361	0.024260728931949416	0.9748464226722717	0.000892740732524544	0.020087406168007266	0.9792987505594889	0.000613805876734356	136	59	True	True	[1247.5833740234375,0.12475834041833878]	blocked_pending_author_clarification	
057aab1d84ddd14d4de58e5b83d2c0953c31d903460800e3def72b0da91f12af	Track B	ZJetsToQQ_DelphesHH4JTrig_merged_ntuple	zjets	zjets	root://cceos.ihep.ac.cn:1094	/eos/ihep/cms/store/user/coli/datasets/hh4b/inference/ZJetsToQQ_DelphesHH4JTrig_merged_ntuple/ZJetsToQQ_DelphesHH4JTrig_ntuple_id2500-2999.root	1749925223	cc5209ec	49	high_score_tail_stability_v1	track_b_phase3_multifile_v1_20260806	7	64	2048	True		99	99	False	released_sophon_ensemble	40J7I_R1_v1	HH4b_released_three_model_ensemble	43c7fb9b0860c0f37953a1636b1f1b73fcc320da585d4a446cb45a31a14fdec0	ff90137a4c919f0a07d47cbfb21ead3688ee49856d98a0ff16bbbaa7058eb735	9b0412c8cce16f4684910207ed3b82a1bfb6b74891c554bba1f1c3b4f9347b86	1de0398cb1116200e1ead26886dfc0d6f1c15579dab82ad689c68690509dc449	0.8410812328802422	0.15585413575172424	0.00306459772400558	0.8597966333618388	0.1378573328256607	0.0023459894582629204	0.695425844140118	0.3031668961048126	0.0014072308549657464	0.798767903460733	0.19895945489406586	0.0022726060124114156	136	59	True	False	[1247.5833740234375,0.12475834041833878]	blocked_pending_author_clarification	
c0e97d66216dfa1fed6f042e8cf8026a6baddc2426691c18700b377f4432e79a	Track B	ZJetsToQQ_DelphesHH4JTrig_merged_ntuple	zjets	zjets	root://cceos.ihep.ac.cn:1094	/eos/ihep/cms/store/user/coli/datasets/hh4b/inference/ZJetsToQQ_DelphesHH4JTrig_merged_ntuple/ZJetsToQQ_DelphesHH4JTrig_ntuple_id2500-2999.root	1749925223	cc5209ec	50	high_score_tail_stability_v1	track_b_phase3_multifile_v1_20260806	7	64	2048	True		117	117	False	released_sophon_ensemble	40J7I_R1_v1	HH4b_released_three_model_ensemble	43c7fb9b0860c0f37953a1636b1f1b73fcc320da585d4a446cb45a31a14fdec0	ff90137a4c919f0a07d47cbfb21ead3688ee49856d98a0ff16bbbaa7058eb735	9b0412c8cce16f4684910207ed3b82a1bfb6b74891c554bba1f1c3b4f9347b86	1de0398cb1116200e1ead26886dfc0d6f1c15579dab82ad689c68690509dc449	0.005116828429322595	0.994838297367096	4.4779204472433776e-05	0.005093435658920953	0.9948824644088745	2.408892396488227e-05	0.006010270973320075	0.9939551949501038	3.450540316407569e-05	0.0054068450205212075	0.9945586522420248	3.445784386713058e-05	136	69	True	False	[1247.5833740234375,0.12475834041833878]	blocked_pending_author_clarification	
ee89e99a57a63434dc9006196a17a28b0969df690dcf94b0bcdc3c18ed8d098f	Track B	ZJetsToQQ_DelphesHH4JTrig_merged_ntuple	zjets	zjets	root://cceos.ihep.ac.cn:1094	/eos/ihep/cms/store/user/coli/datasets/hh4b/inference/ZJetsToQQ_DelphesHH4JTrig_merged_ntuple/ZJetsToQQ_DelphesHH4JTrig_ntuple_id2500-2999.root	1749925223	cc5209ec	51	high_score_tail_stability_v1	track_b_phase3_multifile_v1_20260806	7	64	2048	True		150	150	False	released_sophon_ensemble	40J7I_R1_v1	HH4b_released_three_model_ensemble	43c7fb9b0860c0f37953a1636b1f1b73fcc320da585d4a446cb45a31a14fdec0	ff90137a4c919f0a07d47cbfb21ead3688ee49856d98a0ff16bbbaa7058eb735	9b0412c8cce16f4684910207ed3b82a1bfb6b74891c554bba1f1c3b4f9347b86	1de0398cb1116200e1ead26886dfc0d6f1c15579dab82ad689c68690509dc449	0.002170789467001555	0.9969320297241211	0.0008971031638793647	0.006816358425993485	0.9923974871635437	0.0007862324710004032	0.006127396350734671	0.992638349533081	0.0012343861162662506	0.00503818141457657	0.9939892888069153	0.0009725739170486728	136	10	True	False	[1247.5833740234375,0.12475834041833878]	blocked_pending_author_clarification	
5629279992fde2250a129dbe2e8745c0ec88bc68c016c5bfdb2a07ab3f898e93	Track B	ZJetsToQQ_DelphesHH4JTrig_merged_ntuple	zjets	zjets	root://cceos.ihep.ac.cn:1094	/eos/ihep/cms/store/user/coli/datasets/hh4b/inference/ZJetsToQQ_DelphesHH4JTrig_merged_ntuple/ZJetsToQQ_DelphesHH4JTrig_ntuple_id2500-2999.root	1749925223	cc5209ec	52	high_score_tail_stability_v1	track_b_phase3_multifile_v1_20260806	7	64	2048	True		144	144	False	released_sophon_ensemble	40J7I_R1_v1	HH4b_released_three_model_ensemble	43c7fb9b0860c0f37953a1636b1f1b73fcc320da585d4a446cb45a31a14fdec0	ff90137a4c919f0a07d47cbfb21ead3688ee49856d98a0ff16bbbaa7058eb735	9b0412c8cce16f4684910207ed3b82a1bfb6b74891c554bba1f1c3b4f9347b86	1de0398cb1116200e1ead26886dfc0d6f1c15579dab82ad689c68690509dc449	0.0061454948991013225	0.9935463070869446	0.00030813031480647624	0.0044388519308995456	0.9953502416610718	0.00021077891869936138	0.007480588134967547	0.9921990036964417	0.0003203098603989929	0.006021644988322805	0.993698517481486	0.00027973969796827686	136	3	True	False	[1247.5833740234375,0.12475834041833878]	blocked_pending_author_clarification	
27af16a8a9328d5a0724ece34e28a9584001366589913c728b805edf72f0c65f	Track B	ZJetsToQQ_DelphesHH4JTrig_merged_ntuple	zjets	zjets	root://cceos.ihep.ac.cn:1094	/eos/ihep/cms/store/user/coli/datasets/hh4b/inference/ZJetsToQQ_DelphesHH4JTrig_merged_ntuple/ZJetsToQQ_DelphesHH4JTrig_ntuple_id2500-2999.root	1749925223	cc5209ec	53	high_score_tail_stability_v1	track_b_phase3_multifile_v1_20260806	7	64	2048	True		138	138	False	released_sophon_ensemble	40J7I_R1_v1	HH4b_released_three_model_ensemble	43c7fb9b0860c0f37953a1636b1f1b73fcc320da585d4a446cb45a31a14fdec0	ff90137a4c919f0a07d47cbfb21ead3688ee49856d98a0ff16bbbaa7058eb735	9b0412c8cce16f4684910207ed3b82a1bfb6b74891c554bba1f1c3b4f9347b86	1de0398cb1116200e1ead26886dfc0d6f1c15579dab82ad689c68690509dc449	0.06657226307538622	0.42651045322418213	0.5069172382354736	0.04178702684112068	0.4085688889026642	0.5496440529823303	0.20972954174249026	0.6906219124794006	0.09964854270219803	0.10602961055299903	0.508567084868749	0.385403277973334	136	86	False	False	[1247.5833740234375,0.12475834041833878]	blocked_pending_author_clarification	
7ce3f661daf28684582ddc16c891866f78228ede3cff4d52cd261509906a929b	Track B	ZJetsToQQ_DelphesHH4JTrig_merged_ntuple	zjets	zjets	root://cceos.ihep.ac.cn:1094	/eos/ihep/cms/store/user/coli/datasets/hh4b/inference/ZJetsToQQ_DelphesHH4JTrig_merged_ntuple/ZJetsToQQ_DelphesHH4JTrig_ntuple_id2500-2999.root	1749925223	cc5209ec	54	high_score_tail_stability_v1	track_b_phase3_multifile_v1_20260806	7	64	2048	True		105	105	False	released_sophon_ensemble	40J7I_R1_v1	HH4b_released_three_model_ensemble	43c7fb9b0860c0f37953a1636b1f1b73fcc320da585d4a446cb45a31a14fdec0	ff90137a4c919f0a07d47cbfb21ead3688ee49856d98a0ff16bbbaa7058eb735	9b0412c8cce16f4684910207ed3b82a1bfb6b74891c554bba1f1c3b4f9347b86	1de0398cb1116200e1ead26886dfc0d6f1c15579dab82ad689c68690509dc449	0.05366160052426494	0.9458173513412476	0.000521153153385967	0.04054919250711464	0.9592078328132629	0.00024292721354868263	0.044812939942175944	0.9549139738082886	0.0002731151762418449	0.046341244324518506	0.9533130526542664	0.0003457318477254982	136	80	True	False	[1247.5833740234375,0.12475834041833878]	blocked_pending_author_clarification	
8a25e22181f3b8093016f154a29ebfeeff323734e5def022357311b08ba836cf	Track B	ZJetsToQQ_DelphesHH4JTrig_merged_ntuple	zjets	zjets	root://cceos.ihep.ac.cn:1094	/eos/ihep/cms/store/user/coli/datasets/hh4b/inference/ZJetsToQQ_DelphesHH4JTrig_merged_ntuple/ZJetsToQQ_DelphesHH4JTrig_ntuple_id2500-2999.root	1749925223	cc5209ec	55	high_score_tail_stability_v1	track_b_phase3_multifile_v1_20260806	7	64	2048	True		116	116	False	released_sophon_ensemble	40J7I_R1_v1	HH4b_released_three_model_ensemble	43c7fb9b0860c0f37953a1636b1f1b73fcc320da585d4a446cb45a31a14fdec0	ff90137a4c919f0a07d47cbfb21ead3688ee49856d98a0ff16bbbaa7058eb735	9b0412c8cce16f4684910207ed3b82a1bfb6b74891c554bba1f1c3b4f9347b86	1de0398cb1116200e1ead26886dfc0d6f1c15579dab82ad689c68690509dc449	0.006750246485012212	0.9901136159896851	0.003136075334623456	0.004203312534144743	0.9925708174705505	0.003225823165848851	0.019571784748450227	0.9716018438339233	0.008826338686048985	0.010175114589202394	0.9847620924313863	0.00506274572884043	136	132	True	False	[1247.5833740234375,0.12475834041833878]	blocked_pending_author_clarification	
d21846eb3dfcc9492f80a23463ced7982f4915e0cc1dbcd57b411c8410d42a1e	Track B	ZJetsToQQ_DelphesHH4JTrig_merged_ntuple	zjets	zjets	root://cceos.ihep.ac.cn:1094	/eos/ihep/cms/store/user/coli/datasets/hh4b/inference/ZJetsToQQ_DelphesHH4JTrig_merged_ntuple/ZJetsToQQ_DelphesHH4JTrig_ntuple_id2500-2999.root	1749925223	cc5209ec	56	high_score_tail_stability_v1	track_b_phase3_multifile_v1_20260806	7	64	2048	True		141	141	False	released_sophon_ensemble	40J7I_R1_v1	HH4b_released_three_model_ensemble	43c7fb9b0860c0f37953a1636b1f1b73fcc320da585d4a446cb45a31a14fdec0	ff90137a4c919f0a07d47cbfb21ead3688ee49856d98a0ff16bbbaa7058eb735	9b0412c8cce16f4684910207ed3b82a1bfb6b74891c554bba1f1c3b4f9347b86	1de0398cb1116200e1ead26886dfc0d6f1c15579dab82ad689c68690509dc449	0.0005609318654933304	0.9994099140167236	2.915466029662639e-05	0.0019027837247449497	0.9980900883674622	7.037507657514652e-06	0.0013441147731327874	0.9986416697502136	1.4199317774910014e-05	0.001269276787790356	0.9987138907114664	1.6797161909683684e-05	136	14	True	False	[1247.5833740234375,0.12475834041833878]	blocked_pending_author_clarification	
3f5aa6a30a64f93515639e8cf4b985613137fdc55eb0900ac329b1440f1515c6	Track B	ZJetsToQQ_DelphesHH4JTrig_merged_ntuple	zjets	zjets	root://cceos.ihep.ac.cn:1094	/eos/ihep/cms/store/user/coli/datasets/hh4b/inference/ZJetsToQQ_DelphesHH4JTrig_merged_ntuple/ZJetsToQQ_DelphesHH4JTrig_ntuple_id2500-2999.root	1749925223	cc5209ec	57	high_score_tail_stability_v1	track_b_phase3_multifile_v1_20260806	7	64	2048	True		205	205	False	released_sophon_ensemble	40J7I_R1_v1	HH4b_released_three_model_ensemble	43c7fb9b0860c0f37953a1636b1f1b73fcc320da585d4a446cb45a31a14fdec0	ff90137a4c919f0a07d47cbfb21ead3688ee49856d98a0ff16bbbaa7058eb735	9b0412c8cce16f4684910207ed3b82a1bfb6b74891c554bba1f1c3b4f9347b86	1de0398cb1116200e1ead26886dfc0d6f1c15579dab82ad689c68690509dc449	0.5901833509506105	0.3928225338459015	0.016994157806038857	0.658601994242872	0.3346270024776459	0.006771022453904152	0.5365857239212346	0.44770416617393494	0.01571008749306202	0.5951236897049057	0.3917179008324941	0.013158422584335009	136	122	True	False	[1247.5833740234375,0.12475834041833878]	blocked_pending_author_clarification	
c51c9e2cc1b4598bf831f27bfa07f9be764bc241cdb16c81438c5b6c40f06d7c	Track B	ZJetsToQQ_DelphesHH4JTrig_merged_ntuple	zjets	zjets	root://cceos.ihep.ac.cn:1094	/eos/ihep/cms/store/user/coli/datasets/hh4b/inference/ZJetsToQQ_DelphesHH4JTrig_merged_ntuple/ZJetsToQQ_DelphesHH4JTrig_ntuple_id2500-2999.root	1749925223	cc5209ec	58	high_score_tail_stability_v1	track_b_phase3_multifile_v1_20260806	7	64	2048	True		189	189	False	released_sophon_ensemble	40J7I_R1_v1	HH4b_released_three_model_ensemble	43c7fb9b0860c0f37953a1636b1f1b73fcc320da585d4a446cb45a31a14fdec0	ff90137a4c919f0a07d47cbfb21ead3688ee49856d98a0ff16bbbaa7058eb735	9b0412c8cce16f4684910207ed3b82a1bfb6b74891c554bba1f1c3b4f9347b86	1de0398cb1116200e1ead26886dfc0d6f1c15579dab82ad689c68690509dc449	0.38018726683367277	0.6137200593948364	0.00609271926805377	0.36640148889273405	0.6310474276542664	0.002551155397668481	0.274373670166824	0.721199095249176	0.0044273207895457745	0.34032080863107694	0.6553221940994263	0.004357065151756008	136	74	True	False	[1247.5833740234375,0.12475834041833878]	blocked_pending_author_clarification	
52357c931cf7de5e5db6063736b9ec62d9989bbe144bae8c89984fa515361939	Track B	ZJetsToQQ_DelphesHH4JTrig_merged_ntuple	zjets	zjets	root://cceos.ihep.ac.cn:1094	/eos/ihep/cms/store/user/coli/datasets/hh4b/inference/ZJetsToQQ_DelphesHH4JTrig_merged_ntuple/ZJetsToQQ_DelphesHH4JTrig_ntuple_id2500-2999.root	1749925223	cc5209ec	59	high_score_tail_stability_v1	track_b_phase3_multifile_v1_20260806	7	64	2048	True		120	120	False	released_sophon_ensemble	40J7I_R1_v1	HH4b_released_three_model_ensemble	43c7fb9b0860c0f37953a1636b1f1b73fcc320da585d4a446cb45a31a14fdec0	ff90137a4c919f0a07d47cbfb21ead3688ee49856d98a0ff16bbbaa7058eb735	9b0412c8cce16f4684910207ed3b82a1bfb6b74891c554bba1f1c3b4f9347b86	1de0398cb1116200e1ead26886dfc0d6f1c15579dab82ad689c68690509dc449	0.002356943360268815	0.9976183772087097	2.4740327717154287e-05	0.0024248033498679433	0.9975255131721497	4.9614798626862466e-05	0.0026592856064553416	0.9972847700119019	5.5868702474981546e-05	0.0024803441055307003	0.9974762201309204	4.34079429396661e-05	136	3	True	False	[1247.5833740234375,0.12475834041833878]	blocked_pending_author_clarification	
ebb3ad845fd2b45624bdfa31b68dd972b131c6343cf4cd4a56b90a30b02d10b3	Track B	ZJetsToQQ_DelphesHH4JTrig_merged_ntuple	zjets	zjets	root://cceos.ihep.ac.cn:1094	/eos/ihep/cms/store/user/coli/datasets/hh4b/inference/ZJetsToQQ_DelphesHH4JTrig_merged_ntuple/ZJetsToQQ_DelphesHH4JTrig_ntuple_id2500-2999.root	1749925223	cc5209ec	60	high_score_tail_stability_v1	track_b_phase3_multifile_v1_20260806	7	64	2048	True		175	175	False	released_sophon_ensemble	40J7I_R1_v1	HH4b_released_three_model_ensemble	43c7fb9b0860c0f37953a1636b1f1b73fcc320da585d4a446cb45a31a14fdec0	ff90137a4c919f0a07d47cbfb21ead3688ee49856d98a0ff16bbbaa7058eb735	9b0412c8cce16f4684910207ed3b82a1bfb6b74891c554bba1f1c3b4f9347b86	1de0398cb1116200e1ead26886dfc0d6f1c15579dab82ad689c68690509dc449	0.02181523289937104	0.9779150485992432	0.0002697016461752355	0.019715277169780165	0.9802112579345703	7.358068251051009e-05	0.03549541721804417	0.9642807245254517	0.0002238562738057226	0.025675309095731794	0.974135677019755	0.0001890462008304894	136	4	True	False	[1247.5833740234375,0.12475834041833878]	blocked_pending_author_clarification	
4460b132d49a8008e63030403975019d03c4b32a0253174c0b6d4942eaee7d3d	Track B	ZJetsToQQ_DelphesHH4JTrig_merged_ntuple	zjets	zjets	root://cceos.ihep.ac.cn:1094	/eos/ihep/cms/store/user/coli/datasets/hh4b/inference/ZJetsToQQ_DelphesHH4JTrig_merged_ntuple/ZJetsToQQ_DelphesHH4JTrig_ntuple_id2500-2999.root	1749925223	cc5209ec	61	high_score_tail_stability_v1	track_b_phase3_multifile_v1_20260806	7	64	2048	True		189	189	False	released_sophon_ensemble	40J7I_R1_v1	HH4b_released_three_model_ensemble	43c7fb9b0860c0f37953a1636b1f1b73fcc320da585d4a446cb45a31a14fdec0	ff90137a4c919f0a07d47cbfb21ead3688ee49856d98a0ff16bbbaa7058eb735	9b0412c8cce16f4684910207ed3b82a1bfb6b74891c554bba1f1c3b4f9347b86	1de0398cb1116200e1ead26886dfc0d6f1c15579dab82ad689c68690509dc449	0.05134624150923628	0.8857024908065796	0.06295127421617508	0.09236595135189418	0.7938128113746643	0.11382126808166504	0.11674130339815747	0.666327714920044	0.21693108975887299	0.08681783208642932	0.781947672367096	0.13123454401890436	136	71	True	False	[1247.5833740234375,0.12475834041833878]	blocked_pending_author_clarification	
6da21734d9a2a7b8a6a68aa6977a262ee1b94ceb46767aac6563717bd94cfa0f	Track B	ZJetsToQQ_DelphesHH4JTrig_merged_ntuple	zjets	zjets	root://cceos.ihep.ac.cn:1094	/eos/ihep/cms/store/user/coli/datasets/hh4b/inference/ZJetsToQQ_DelphesHH4JTrig_merged_ntuple/ZJetsToQQ_DelphesHH4JTrig_ntuple_id2500-2999.root	1749925223	cc5209ec	62	high_score_tail_stability_v1	track_b_phase3_multifile_v1_20260806	7	64	2048	True		113	113	False	released_sophon_ensemble	40J7I_R1_v1	HH4b_released_three_model_ensemble	43c7fb9b0860c0f37953a1636b1f1b73fcc320da585d4a446cb45a31a14fdec0	ff90137a4c919f0a07d47cbfb21ead3688ee49856d98a0ff16bbbaa7058eb735	9b0412c8cce16f4684910207ed3b82a1bfb6b74891c554bba1f1c3b4f9347b86	1de0398cb1116200e1ead26886dfc0d6f1c15579dab82ad689c68690509dc449	0.5108927242508798	0.48898133635520935	0.00012589104881044477	0.5430741789186868	0.45644479990005493	0.0004810440295841545	0.46356947173808294	0.5362673401832581	0.00016322762530762702	0.5058454583025499	0.49389782547950745	0.0002567209012340754	136	23	True	False	[1247.5833740234375,0.12475834041833878]	blocked_pending_author_clarification	
86e73ce69cda7d5ee031b73755398f4d79eda27a3a74f3abd2f0ecb3a340eacc	Track B	ZJetsToQQ_DelphesHH4JTrig_merged_ntuple	zjets	zjets	root://cceos.ihep.ac.cn:1094	/eos/ihep/cms/store/user/coli/datasets/hh4b/inference/ZJetsToQQ_DelphesHH4JTrig_merged_ntuple/ZJetsToQQ_DelphesHH4JTrig_ntuple_id2500-2999.root	1749925223	cc5209ec	63	high_score_tail_stability_v1	track_b_phase3_multifile_v1_20260806	7	64	2048	True		80	80	False	released_sophon_ensemble	40J7I_R1_v1	HH4b_released_three_model_ensemble	43c7fb9b0860c0f37953a1636b1f1b73fcc320da585d4a446cb45a31a14fdec0	ff90137a4c919f0a07d47cbfb21ead3688ee49856d98a0ff16bbbaa7058eb735	9b0412c8cce16f4684910207ed3b82a1bfb6b74891c554bba1f1c3b4f9347b86	1de0398cb1116200e1ead26886dfc0d6f1c15579dab82ad689c68690509dc449	0.00263899748614449	0.9973266124725342	3.4433105611242354e-05	0.0010854861459606013	0.9988963603973389	1.811685797292739e-05	0.0013968568212590071	0.9985851049423218	1.8087030184688047e-05	0.0017071134844546993	0.9982693592707316	2.3545664589619264e-05	136	129	True	False	[1247.5833740234375,0.12475834041833878]	blocked_pending_author_clarification	
