representative_index	member_index	sample_class	process_or_mode	dataset_split	candidate_rows	zero_row_4b_candidate_file	resolution_method	layout_rule	bundle_campaign	schema_stratum_key	representative_selection_reasons	remote_bundle_path	root_container_member	root_archive_member	root_basename	archive_depth
1	1	signal	ggf_hh4b	train	58	False	candidate_source_root_nested_reconstruction_bundle	nested_reconstruction_bundle_source_root_basename	ggf_hh4b_ml_ext20k_frozen_v2_20260716	"[""candidate_source_root_nested_reconstruction_bundle"",""nested_reconstruction_bundle_source_root_basename"",""ggf_hh4b_ml_ext20k_frozen_v2_20260716"",""ggf_hh4b""]"	"[""ggf_source_campaign_coverage"",""primary_schema_stratum"",""source_layout_train_coverage""]"	/store/user/iturkmen/hh4b_delphes/run2_13tev/frozen_v2/bundles/ggf_hh4b_ml_ext20k_frozen_v2_20260716/HH4b_ggf_ggf_hh4b_ml_ext20k_frozen_v2_20260716_shard000_seed86000_bundle.tar.gz	products/HH4b_ggf_ggf_hh4b_ml_ext20k_frozen_v2_20260716_shard000_seed86000_reconstruction.tar.gz	root/HH4b_ggf_hh4b_ml_ext20k_frozen_v2_20260716_cluster_3586817_shard_16000_1000_pythia8_delphes.root	HH4b_ggf_hh4b_ml_ext20k_frozen_v2_20260716_cluster_3586817_shard_16000_1000_pythia8_delphes.root	2
2	15	signal	ggf_hh4b	validation	60	False	candidate_source_root_nested_reconstruction_bundle	nested_reconstruction_bundle_source_root_basename	ggf_hh4b_ml_ext20k_frozen_v2_20260716	"[""candidate_source_root_nested_reconstruction_bundle"",""nested_reconstruction_bundle_source_root_basename"",""ggf_hh4b_ml_ext20k_frozen_v2_20260716"",""ggf_hh4b""]"	"[""source_layout_validation_coverage""]"	/store/user/iturkmen/hh4b_delphes/run2_13tev/frozen_v2/bundles/ggf_hh4b_ml_ext20k_frozen_v2_20260716/HH4b_ggf_ggf_hh4b_ml_ext20k_frozen_v2_20260716_shard014_seed86014_bundle.tar.gz	products/HH4b_ggf_ggf_hh4b_ml_ext20k_frozen_v2_20260716_shard014_seed86014_reconstruction.tar.gz	root/HH4b_ggf_hh4b_ml_ext20k_frozen_v2_20260716_cluster_3586817_shard_16014_1000_pythia8_delphes.root	HH4b_ggf_hh4b_ml_ext20k_frozen_v2_20260716_cluster_3586817_shard_16014_1000_pythia8_delphes.root	2
3	18	signal	ggf_hh4b	train	74	False	candidate_source_root_nested_reconstruction_bundle	nested_reconstruction_bundle_source_root_basename	ggf_hh4b_ml_ext80k_frozen_v2_20260721_v1	"[""candidate_source_root_nested_reconstruction_bundle"",""nested_reconstruction_bundle_source_root_basename"",""ggf_hh4b_ml_ext80k_frozen_v2_20260721_v1"",""ggf_hh4b""]"	"[""ggf_source_campaign_coverage"",""primary_schema_stratum""]"	/store/user/iturkmen/hh4b_delphes/run2_13tev/frozen_v2/bundles/ggf_hh4b_ml_ext80k_frozen_v2_20260721_v1/HH4b_ggf_ggf_hh4b_ml_ext80k_frozen_v2_20260721_v1_shard020_seed86020_bundle.tar.gz	products/HH4b_ggf_ggf_hh4b_ml_ext80k_frozen_v2_20260721_v1_shard020_seed86020_reconstruction.tar.gz	root/HH4b_ggf_hh4b_ml_ext80k_frozen_v2_20260721_v1_cluster_59851531_shard_16020_1000_pythia8_delphes.root	HH4b_ggf_hh4b_ml_ext80k_frozen_v2_20260721_v1_cluster_59851531_shard_16020_1000_pythia8_delphes.root	2
4	98	signal	vbf_hh4b	validation	581	False	vbf_registry_standard_bundle_layout	standard_bundle_root_target_tag	vbf_hh4b_sm_pilot10k_20260722_v1	"[""vbf_registry_standard_bundle_layout"",""standard_bundle_root_target_tag"",""vbf_hh4b_sm_pilot10k_20260722_v1"",""vbf_hh4b""]"	"[""primary_schema_stratum"",""source_layout_validation_coverage"",""vbf_coverage""]"	/store/user/iturkmen/hh4b_delphes/run2_13tev/frozen_v2/bundles/vbf_hh4b_sm_pilot10k_20260722_v1/vbf_hh4b_sm_run2_frozen_v2_pilot_shard9301_10k_bundle.tar.gz		root/vbf_hh4b_sm_run2_frozen_v2_pilot_shard9301_10k_delphes.root	vbf_hh4b_sm_run2_frozen_v2_pilot_shard9301_10k_delphes.root	1
5	99	signal	vbf_hh4b	train	612	False	vbf_registry_standard_bundle_layout	standard_bundle_root_target_tag	vbf_hh4b_sm_scaleout90k_20260722_v1	"[""vbf_registry_standard_bundle_layout"",""standard_bundle_root_target_tag"",""vbf_hh4b_sm_scaleout90k_20260722_v1"",""vbf_hh4b""]"	"[""primary_schema_stratum"",""source_layout_train_coverage""]"	/store/user/iturkmen/hh4b_delphes/run2_13tev/frozen_v2/bundles/vbf_hh4b_sm_scaleout90k_20260722_v1/vbf_hh4b_sm_run2_frozen_v2_train_shard9401_10k_bundle.tar.gz		root/vbf_hh4b_sm_run2_frozen_v2_train_shard9401_10k_delphes.root	vbf_hh4b_sm_run2_frozen_v2_train_shard9401_10k_delphes.root	1
6	108	background	bbh_hbb_4fs	train	344	False	background_receipt_standard_bundle_layout	standard_bundle_root_target_tag	bbh_hbb_4fs_scaleout40k_20260722_v1	"[""background_receipt_standard_bundle_layout"",""standard_bundle_root_target_tag"",""bbh_hbb_4fs_scaleout40k_20260722_v1"",""bbh_hbb_4fs""]"	"[""background_process_coverage"",""primary_schema_stratum""]"	/store/user/iturkmen/hh4b_delphes/run2_13tev/frozen_v2/bundles/bbh_hbb_4fs_scaleout40k_20260722_v1/bbh_hbb_4fs_run2_frozen_v2_train_shard9801_10k_bundle.tar.gz		root/bbh_hbb_4fs_run2_frozen_v2_train_shard9801_10k_delphes.root	bbh_hbb_4fs_run2_frozen_v2_train_shard9801_10k_delphes.root	1
7	112	background	bbh_hbb_4fs	validation	344	False	background_receipt_standard_bundle_layout	standard_bundle_root_target_tag	bbh_hbb_4fs_pilot10k_20260722_v1	"[""background_receipt_standard_bundle_layout"",""standard_bundle_root_target_tag"",""bbh_hbb_4fs_pilot10k_20260722_v1"",""bbh_hbb_4fs""]"	"[""primary_schema_stratum""]"	/store/user/iturkmen/hh4b_delphes/run2_13tev/frozen_v2/bundles/bbh_hbb_4fs_pilot10k_20260722_v1/bbh_hbb_4fs_run2_frozen_v2_pilot_shard9602_10k_bundle.tar.gz		root/bbh_hbb_4fs_run2_frozen_v2_pilot_shard9602_10k_delphes.root	bbh_hbb_4fs_run2_frozen_v2_pilot_shard9602_10k_delphes.root	1
8	113	background	ggh_hbb	train	7	False	background_receipt_standard_bundle_layout	standard_bundle_root_target_tag	ggh_hbb_scaleout90k_20260722_v1	"[""background_receipt_standard_bundle_layout"",""standard_bundle_root_target_tag"",""ggh_hbb_scaleout90k_20260722_v1"",""ggh_hbb""]"	"[""background_process_coverage"",""primary_schema_stratum""]"	/store/user/iturkmen/hh4b_delphes/run2_13tev/frozen_v2/bundles/ggh_hbb_scaleout90k_20260722_v1/ggh_hbb_run2_frozen_v2_train_shard9701_10k_bundle.tar.gz		root/ggh_hbb_run2_frozen_v2_train_shard9701_10k_delphes.root	ggh_hbb_run2_frozen_v2_train_shard9701_10k_delphes.root	1
9	121	background	ggh_hbb	validation	3	False	background_receipt_standard_bundle_layout	standard_bundle_root_target_tag	ggh_hbb_pilot10k_20260722_v1	"[""background_receipt_standard_bundle_layout"",""standard_bundle_root_target_tag"",""ggh_hbb_pilot10k_20260722_v1"",""ggh_hbb""]"	"[""primary_schema_stratum""]"	/store/user/iturkmen/hh4b_delphes/run2_13tev/frozen_v2/bundles/ggh_hbb_pilot10k_20260722_v1/ggh_hbb_run2_frozen_v2_pilot_shard9601_10k_bundle.tar.gz		root/ggh_hbb_run2_frozen_v2_pilot_shard9601_10k_delphes.root	ggh_hbb_run2_frozen_v2_pilot_shard9601_10k_delphes.root	1
10	123	background	qcd_hardqcd	train	0	True	background_receipt_standard_bundle_layout	standard_bundle_root_target_tag	qcd_hardqcd_importance_adaptive1500k_phys_wave3_20260718	"[""background_receipt_standard_bundle_layout"",""standard_bundle_root_target_tag"",""qcd_hardqcd_importance_adaptive1500k_phys_wave3_20260718"",""qcd_hardqcd""]"	"[""background_process_coverage"",""primary_schema_stratum"",""zero_row_background_campaign_coverage""]"	/store/user/iturkmen/hh4b_delphes/run2_13tev/frozen_v2/bundles/qcd_hardqcd_importance_adaptive1500k_phys_wave3_20260718/qcd_hardqcd_importance_adaptive1500k_phys_wave3_20260718_bin00_pthat50to75_shard1033_seed1201033_bundle.tar.gz		root/qcd_hardqcd_importance_adaptive1500k_phys_wave3_20260718_bin00_pthat50to75_shard1033_seed1201033_delphes.root	qcd_hardqcd_importance_adaptive1500k_phys_wave3_20260718_bin00_pthat50to75_shard1033_seed1201033_delphes.root	1
11	235	background	qcd_hardqcd	train	0	True	background_receipt_standard_bundle_layout	standard_bundle_root_target_tag	qcd_hardqcd_importance_adaptive500k_phys_20260717_0022	"[""background_receipt_standard_bundle_layout"",""standard_bundle_root_target_tag"",""qcd_hardqcd_importance_adaptive500k_phys_20260717_0022"",""qcd_hardqcd""]"	"[""primary_schema_stratum"",""zero_row_background_campaign_coverage""]"	/store/user/iturkmen/hh4b_delphes/run2_13tev/frozen_v2/bundles/qcd_hardqcd_importance_adaptive500k_phys_20260717_0022/qcd_hardqcd_importance_adaptive500k_phys_20260717_0022_bin00_pthat50to75_shard1819_seed1201819_bundle.tar.gz		root/qcd_hardqcd_importance_adaptive500k_phys_20260717_0022_bin00_pthat50to75_shard1819_seed1201819_delphes.root	qcd_hardqcd_importance_adaptive500k_phys_20260717_0022_bin00_pthat50to75_shard1819_seed1201819_delphes.root	1
12	278	background	qcd_hardqcd	train	0	True	background_receipt_standard_bundle_layout	standard_bundle_root_target_tag	qcd_hardqcd_importance_adaptive500k_phys_wave2_20260717	"[""background_receipt_standard_bundle_layout"",""standard_bundle_root_target_tag"",""qcd_hardqcd_importance_adaptive500k_phys_wave2_20260717"",""qcd_hardqcd""]"	"[""primary_schema_stratum"",""zero_row_background_campaign_coverage""]"	/store/user/iturkmen/hh4b_delphes/run2_13tev/frozen_v2/bundles/qcd_hardqcd_importance_adaptive500k_phys_wave2_20260717/qcd_hardqcd_importance_adaptive500k_phys_wave2_20260717_bin00_pthat50to75_shard9773_seed1209773_bundle.tar.gz		root/qcd_hardqcd_importance_adaptive500k_phys_wave2_20260717_bin00_pthat50to75_shard9773_seed1209773_delphes.root	qcd_hardqcd_importance_adaptive500k_phys_wave2_20260717_bin00_pthat50to75_shard9773_seed1209773_delphes.root	1
13	365	background	schannel_single_top	train	8	False	background_receipt_standard_bundle_layout	standard_bundle_root_target_tag	unified_background_5m_single_top_pilot50k_20260722_v1	"[""background_receipt_standard_bundle_layout"",""standard_bundle_root_target_tag"",""unified_background_5m_single_top_pilot50k_20260722_v1"",""schannel_single_top""]"	"[""background_process_coverage"",""primary_schema_stratum""]"	/store/user/iturkmen/hh4b_delphes/run2_13tev/frozen_v2/bundles/unified_background_5m_single_top_pilot50k_20260722_v1/schannel_single_top_run2_frozen_v2_single_top_pilot_shard4203_10kevt_bundle.tar.gz		root/schannel_single_top_run2_frozen_v2_single_top_pilot_shard4203_10kevt_delphes.root	schannel_single_top_run2_frozen_v2_single_top_pilot_shard4203_10kevt_delphes.root	1
14	366	background	schannel_single_top	train	4	False	background_receipt_standard_bundle_layout	standard_bundle_root_target_tag	unified_background_5m_single_top_scaleout280k_20260722_v1	"[""background_receipt_standard_bundle_layout"",""standard_bundle_root_target_tag"",""unified_background_5m_single_top_scaleout280k_20260722_v1"",""schannel_single_top""]"	"[""primary_schema_stratum""]"	/store/user/iturkmen/hh4b_delphes/run2_13tev/frozen_v2/bundles/unified_background_5m_single_top_scaleout280k_20260722_v1/schannel_single_top_run2_frozen_v2_single_top_scaleout_shard4315_10kevt_bundle.tar.gz		root/schannel_single_top_run2_frozen_v2_single_top_scaleout_shard4315_10kevt_delphes.root	schannel_single_top_run2_frozen_v2_single_top_scaleout_shard4315_10kevt_delphes.root	1
15	368	background	tchannel_antitop	train	8	False	background_receipt_standard_bundle_layout	standard_bundle_root_target_tag	unified_background_5m_single_top_pilot50k_20260722_v1	"[""background_receipt_standard_bundle_layout"",""standard_bundle_root_target_tag"",""unified_background_5m_single_top_pilot50k_20260722_v1"",""tchannel_antitop""]"	"[""background_process_coverage"",""primary_schema_stratum""]"	/store/user/iturkmen/hh4b_delphes/run2_13tev/frozen_v2/bundles/unified_background_5m_single_top_pilot50k_20260722_v1/tchannel_antitop_run2_frozen_v2_single_top_pilot_shard4202_10kevt_bundle.tar.gz		root/tchannel_antitop_run2_frozen_v2_single_top_pilot_shard4202_10kevt_delphes.root	tchannel_antitop_run2_frozen_v2_single_top_pilot_shard4202_10kevt_delphes.root	1
16	369	background	tchannel_antitop	train	1	False	background_receipt_standard_bundle_layout	standard_bundle_root_target_tag	unified_background_5m_single_top_scaleout280k_20260722_v1	"[""background_receipt_standard_bundle_layout"",""standard_bundle_root_target_tag"",""unified_background_5m_single_top_scaleout280k_20260722_v1"",""tchannel_antitop""]"	"[""primary_schema_stratum""]"	/store/user/iturkmen/hh4b_delphes/run2_13tev/frozen_v2/bundles/unified_background_5m_single_top_scaleout280k_20260722_v1/tchannel_antitop_run2_frozen_v2_single_top_scaleout_shard4308_10kevt_bundle.tar.gz		root/tchannel_antitop_run2_frozen_v2_single_top_scaleout_shard4308_10kevt_delphes.root	tchannel_antitop_run2_frozen_v2_single_top_scaleout_shard4308_10kevt_delphes.root	1
17	376	background	tchannel_top	train	7	False	background_receipt_standard_bundle_layout	standard_bundle_root_target_tag	unified_background_5m_single_top_pilot50k_20260722_v1	"[""background_receipt_standard_bundle_layout"",""standard_bundle_root_target_tag"",""unified_background_5m_single_top_pilot50k_20260722_v1"",""tchannel_top""]"	"[""background_process_coverage"",""primary_schema_stratum""]"	/store/user/iturkmen/hh4b_delphes/run2_13tev/frozen_v2/bundles/unified_background_5m_single_top_pilot50k_20260722_v1/tchannel_top_run2_frozen_v2_single_top_pilot_shard4201_10kevt_bundle.tar.gz		root/tchannel_top_run2_frozen_v2_single_top_pilot_shard4201_10kevt_delphes.root	tchannel_top_run2_frozen_v2_single_top_pilot_shard4201_10kevt_delphes.root	1
18	377	background	tchannel_top	train	7	False	background_receipt_standard_bundle_layout	standard_bundle_root_target_tag	unified_background_5m_single_top_scaleout280k_20260722_v1	"[""background_receipt_standard_bundle_layout"",""standard_bundle_root_target_tag"",""unified_background_5m_single_top_scaleout280k_20260722_v1"",""tchannel_top""]"	"[""primary_schema_stratum""]"	/store/user/iturkmen/hh4b_delphes/run2_13tev/frozen_v2/bundles/unified_background_5m_single_top_scaleout280k_20260722_v1/tchannel_top_run2_frozen_v2_single_top_scaleout_shard4301_10kevt_bundle.tar.gz		root/tchannel_top_run2_frozen_v2_single_top_scaleout_shard4301_10kevt_delphes.root	tchannel_top_run2_frozen_v2_single_top_scaleout_shard4301_10kevt_delphes.root	1
19	380	background	tchannel_top	train	0	True	background_receipt_standard_bundle_layout	standard_bundle_root_target_tag	unified_background_5m_single_top_scaleout280k_20260722_v1	"[""background_receipt_standard_bundle_layout"",""standard_bundle_root_target_tag"",""unified_background_5m_single_top_scaleout280k_20260722_v1"",""tchannel_top""]"	"[""zero_row_background_campaign_coverage""]"	/store/user/iturkmen/hh4b_delphes/run2_13tev/frozen_v2/bundles/unified_background_5m_single_top_scaleout280k_20260722_v1/tchannel_top_run2_frozen_v2_single_top_scaleout_shard4304_10kevt_bundle.tar.gz		root/tchannel_top_run2_frozen_v2_single_top_scaleout_shard4304_10kevt_delphes.root	tchannel_top_run2_frozen_v2_single_top_scaleout_shard4304_10kevt_delphes.root	1
20	384	background	tw_antitop	train	18	False	background_receipt_standard_bundle_layout	standard_bundle_root_target_tag	unified_background_5m_single_top_pilot50k_20260722_v1	"[""background_receipt_standard_bundle_layout"",""standard_bundle_root_target_tag"",""unified_background_5m_single_top_pilot50k_20260722_v1"",""tw_antitop""]"	"[""background_process_coverage"",""primary_schema_stratum""]"	/store/user/iturkmen/hh4b_delphes/run2_13tev/frozen_v2/bundles/unified_background_5m_single_top_pilot50k_20260722_v1/tw_antitop_run2_frozen_v2_single_top_pilot_shard4205_10kevt_bundle.tar.gz		root/tw_antitop_run2_frozen_v2_single_top_pilot_shard4205_10kevt_delphes.root	tw_antitop_run2_frozen_v2_single_top_pilot_shard4205_10kevt_delphes.root	1
21	385	background	tw_antitop	train	17	False	background_receipt_standard_bundle_layout	standard_bundle_root_target_tag	unified_background_5m_single_top_scaleout280k_20260722_v1	"[""background_receipt_standard_bundle_layout"",""standard_bundle_root_target_tag"",""unified_background_5m_single_top_scaleout280k_20260722_v1"",""tw_antitop""]"	"[""primary_schema_stratum""]"	/store/user/iturkmen/hh4b_delphes/run2_13tev/frozen_v2/bundles/unified_background_5m_single_top_scaleout280k_20260722_v1/tw_antitop_run2_frozen_v2_single_top_scaleout_shard4323_10kevt_bundle.tar.gz		root/tw_antitop_run2_frozen_v2_single_top_scaleout_shard4323_10kevt_delphes.root	tw_antitop_run2_frozen_v2_single_top_scaleout_shard4323_10kevt_delphes.root	1
22	391	background	tw_top	train	9	False	background_receipt_standard_bundle_layout	standard_bundle_root_target_tag	unified_background_5m_single_top_scaleout280k_20260722_v1	"[""background_receipt_standard_bundle_layout"",""standard_bundle_root_target_tag"",""unified_background_5m_single_top_scaleout280k_20260722_v1"",""tw_top""]"	"[""background_process_coverage"",""primary_schema_stratum""]"	/store/user/iturkmen/hh4b_delphes/run2_13tev/frozen_v2/bundles/unified_background_5m_single_top_scaleout280k_20260722_v1/tw_top_run2_frozen_v2_single_top_scaleout_shard4317_10kevt_bundle.tar.gz		root/tw_top_run2_frozen_v2_single_top_scaleout_shard4317_10kevt_delphes.root	tw_top_run2_frozen_v2_single_top_scaleout_shard4317_10kevt_delphes.root	1
23	396	background	tw_top	validation	19	False	background_receipt_standard_bundle_layout	standard_bundle_root_target_tag	unified_background_5m_single_top_pilot50k_20260722_v1	"[""background_receipt_standard_bundle_layout"",""standard_bundle_root_target_tag"",""unified_background_5m_single_top_pilot50k_20260722_v1"",""tw_top""]"	"[""primary_schema_stratum""]"	/store/user/iturkmen/hh4b_delphes/run2_13tev/frozen_v2/bundles/unified_background_5m_single_top_pilot50k_20260722_v1/tw_top_run2_frozen_v2_single_top_pilot_shard4204_10kevt_bundle.tar.gz		root/tw_top_run2_frozen_v2_single_top_pilot_shard4204_10kevt_delphes.root	tw_top_run2_frozen_v2_single_top_pilot_shard4204_10kevt_delphes.root	1
24	398	background	wwz_zbb	train	9	False	background_receipt_standard_bundle_layout	standard_bundle_root_target_tag	final_background_triboson_zbb_scaleout40k_20260722_v1	"[""background_receipt_standard_bundle_layout"",""standard_bundle_root_target_tag"",""final_background_triboson_zbb_scaleout40k_20260722_v1"",""wwz_zbb""]"	"[""background_process_coverage"",""primary_schema_stratum""]"	/store/user/iturkmen/hh4b_delphes/run2_13tev/frozen_v2/bundles/final_background_triboson_zbb_scaleout40k_20260722_v1/wwz_zbb_run2_frozen_v2_train_shard9901_5200_bundle.tar.gz		root/wwz_zbb_run2_frozen_v2_train_shard9901_5200_delphes.root	wwz_zbb_run2_frozen_v2_train_shard9901_5200_delphes.root	1
25	402	background	wwz_zbb	validation	14	False	background_receipt_standard_bundle_layout	standard_bundle_root_target_tag	final_background_triboson_zbb_pilot10k_20260722_v1	"[""background_receipt_standard_bundle_layout"",""standard_bundle_root_target_tag"",""final_background_triboson_zbb_pilot10k_20260722_v1"",""wwz_zbb""]"	"[""primary_schema_stratum""]"	/store/user/iturkmen/hh4b_delphes/run2_13tev/frozen_v2/bundles/final_background_triboson_zbb_pilot10k_20260722_v1/wwz_zbb_run2_frozen_v2_pilot_validation_shard9601_5200_bundle.tar.gz		root/wwz_zbb_run2_frozen_v2_pilot_validation_shard9601_5200_delphes.root	wwz_zbb_run2_frozen_v2_pilot_validation_shard9601_5200_delphes.root	1
26	403	background	wzz_zbb	train	9	False	background_receipt_standard_bundle_layout	standard_bundle_root_target_tag	final_background_triboson_zbb_scaleout40k_20260722_v1	"[""background_receipt_standard_bundle_layout"",""standard_bundle_root_target_tag"",""final_background_triboson_zbb_scaleout40k_20260722_v1"",""wzz_zbb""]"	"[""background_process_coverage"",""primary_schema_stratum""]"	/store/user/iturkmen/hh4b_delphes/run2_13tev/frozen_v2/bundles/final_background_triboson_zbb_scaleout40k_20260722_v1/wzz_zbb_run2_frozen_v2_train_shard9911_3300_bundle.tar.gz		root/wzz_zbb_run2_frozen_v2_train_shard9911_3300_delphes.root	wzz_zbb_run2_frozen_v2_train_shard9911_3300_delphes.root	1
27	407	background	wzz_zbb	validation	13	False	background_receipt_standard_bundle_layout	standard_bundle_root_target_tag	final_background_triboson_zbb_pilot10k_20260722_v1	"[""background_receipt_standard_bundle_layout"",""standard_bundle_root_target_tag"",""final_background_triboson_zbb_pilot10k_20260722_v1"",""wzz_zbb""]"	"[""primary_schema_stratum""]"	/store/user/iturkmen/hh4b_delphes/run2_13tev/frozen_v2/bundles/final_background_triboson_zbb_pilot10k_20260722_v1/wzz_zbb_run2_frozen_v2_pilot_validation_shard9602_3300_bundle.tar.gz		root/wzz_zbb_run2_frozen_v2_pilot_validation_shard9602_3300_delphes.root	wzz_zbb_run2_frozen_v2_pilot_validation_shard9602_3300_delphes.root	1
28	408	background	zzz_zbb	train	12	False	background_receipt_standard_bundle_layout	standard_bundle_root_target_tag	final_background_triboson_zbb_scaleout40k_20260722_v1	"[""background_receipt_standard_bundle_layout"",""standard_bundle_root_target_tag"",""final_background_triboson_zbb_scaleout40k_20260722_v1"",""zzz_zbb""]"	"[""background_process_coverage"",""primary_schema_stratum""]"	/store/user/iturkmen/hh4b_delphes/run2_13tev/frozen_v2/bundles/final_background_triboson_zbb_scaleout40k_20260722_v1/zzz_zbb_run2_frozen_v2_train_shard9921_1500_bundle.tar.gz		root/zzz_zbb_run2_frozen_v2_train_shard9921_1500_delphes.root	zzz_zbb_run2_frozen_v2_train_shard9921_1500_delphes.root	1
29	412	background	zzz_zbb	validation	15	False	background_receipt_standard_bundle_layout	standard_bundle_root_target_tag	final_background_triboson_zbb_pilot10k_20260722_v1	"[""background_receipt_standard_bundle_layout"",""standard_bundle_root_target_tag"",""final_background_triboson_zbb_pilot10k_20260722_v1"",""zzz_zbb""]"	"[""primary_schema_stratum""]"	/store/user/iturkmen/hh4b_delphes/run2_13tev/frozen_v2/bundles/final_background_triboson_zbb_pilot10k_20260722_v1/zzz_zbb_run2_frozen_v2_pilot_validation_shard9603_1500_bundle.tar.gz		root/zzz_zbb_run2_frozen_v2_pilot_validation_shard9603_1500_delphes.root	zzz_zbb_run2_frozen_v2_pilot_validation_shard9603_1500_delphes.root	1
30	413	background	qcd_bbbb_general	train	334	False	background_receipt_standard_bundle_layout	standard_bundle_root_target_tag	unified_background_5m_wavea_pilots_20260720_retry1	"[""background_receipt_standard_bundle_layout"",""standard_bundle_root_target_tag"",""unified_background_5m_wavea_pilots_20260720_retry1"",""qcd_bbbb_general""]"	"[""background_process_coverage"",""primary_schema_stratum""]"	/store/user/iturkmen/hh4b_delphes/run2_13tev/frozen_v2/bundles/unified_background_5m_wavea_pilots_20260720_retry1/qcd_bbbb_general_run2_frozen_v2_unified5m_pilot_shard000_10k_bundle.tar.gz		root/qcd_bbbb_general_run2_frozen_v2_unified5m_pilot_shard000_10k_delphes.root	qcd_bbbb_general_run2_frozen_v2_unified5m_pilot_shard000_10k_delphes.root	1
31	414	background	qcd_bbbb_general	train	382	False	background_receipt_standard_bundle_layout	standard_bundle_root_target_tag	unified_background_5m_wavea_proven111_20260720_v1	"[""background_receipt_standard_bundle_layout"",""standard_bundle_root_target_tag"",""unified_background_5m_wavea_proven111_20260720_v1"",""qcd_bbbb_general""]"	"[""primary_schema_stratum""]"	/store/user/iturkmen/hh4b_delphes/run2_13tev/frozen_v2/bundles/unified_background_5m_wavea_proven111_20260720_v1/qcd_bbbb_general_run2_frozen_v2_unified5m_wavea_shard001_10k_bundle.tar.gz		root/qcd_bbbb_general_run2_frozen_v2_unified5m_wavea_shard001_10k_delphes.root	qcd_bbbb_general_run2_frozen_v2_unified5m_wavea_shard001_10k_delphes.root	1
32	428	background	qcd_bbbb_iht400to600	train	1481	False	background_receipt_standard_bundle_layout	standard_bundle_root_target_tag	unified_background_5m_wavea_pilots_20260720_retry1	"[""background_receipt_standard_bundle_layout"",""standard_bundle_root_target_tag"",""unified_background_5m_wavea_pilots_20260720_retry1"",""qcd_bbbb_iht400to600""]"	"[""background_process_coverage"",""primary_schema_stratum""]"	/store/user/iturkmen/hh4b_delphes/run2_13tev/frozen_v2/bundles/unified_background_5m_wavea_pilots_20260720_retry1/qcd_bbbb_iht400to600_run2_frozen_v2_unified5m_pilot_shard000_10k_bundle.tar.gz		root/qcd_bbbb_iht400to600_run2_frozen_v2_unified5m_pilot_shard000_10k_delphes.root	qcd_bbbb_iht400to600_run2_frozen_v2_unified5m_pilot_shard000_10k_delphes.root	1
33	429	background	qcd_bbbb_iht400to600	train	1490	False	background_receipt_standard_bundle_layout	standard_bundle_root_target_tag	unified_background_5m_wavea_proven111_20260720_v1	"[""background_receipt_standard_bundle_layout"",""standard_bundle_root_target_tag"",""unified_background_5m_wavea_proven111_20260720_v1"",""qcd_bbbb_iht400to600""]"	"[""primary_schema_stratum""]"	/store/user/iturkmen/hh4b_delphes/run2_13tev/frozen_v2/bundles/unified_background_5m_wavea_proven111_20260720_v1/qcd_bbbb_iht400to600_run2_frozen_v2_unified5m_wavea_shard001_10k_bundle.tar.gz		root/qcd_bbbb_iht400to600_run2_frozen_v2_unified5m_wavea_shard001_10k_delphes.root	qcd_bbbb_iht400to600_run2_frozen_v2_unified5m_wavea_shard001_10k_delphes.root	1
34	443	background	ttbar_inclusive	train	36	False	background_receipt_standard_bundle_layout	standard_bundle_root_target_tag	unified_background_5m_wavea_pilots_20260720_retry1	"[""background_receipt_standard_bundle_layout"",""standard_bundle_root_target_tag"",""unified_background_5m_wavea_pilots_20260720_retry1"",""ttbar_inclusive""]"	"[""background_process_coverage"",""primary_schema_stratum""]"	/store/user/iturkmen/hh4b_delphes/run2_13tev/frozen_v2/bundles/unified_background_5m_wavea_pilots_20260720_retry1/ttbar_inclusive_run2_frozen_v2_unified5m_pilot_shard000_10k_bundle.tar.gz		root/ttbar_inclusive_run2_frozen_v2_unified5m_pilot_shard000_10k_delphes.root	ttbar_inclusive_run2_frozen_v2_unified5m_pilot_shard000_10k_delphes.root	1
35	444	background	ttbar_inclusive	train	41	False	background_receipt_standard_bundle_layout	standard_bundle_root_target_tag	unified_background_5m_wavea_proven111_20260720_v1	"[""background_receipt_standard_bundle_layout"",""standard_bundle_root_target_tag"",""unified_background_5m_wavea_proven111_20260720_v1"",""ttbar_inclusive""]"	"[""primary_schema_stratum""]"	/store/user/iturkmen/hh4b_delphes/run2_13tev/frozen_v2/bundles/unified_background_5m_wavea_proven111_20260720_v1/ttbar_inclusive_run2_frozen_v2_unified5m_wavea_shard001_10k_bundle.tar.gz		root/ttbar_inclusive_run2_frozen_v2_unified5m_wavea_shard001_10k_delphes.root	ttbar_inclusive_run2_frozen_v2_unified5m_wavea_shard001_10k_delphes.root	1
36	518	background	zbbbb	train	314	False	background_receipt_standard_bundle_layout	standard_bundle_root_target_tag	unified_background_5m_wavea_pilots_20260720_retry1	"[""background_receipt_standard_bundle_layout"",""standard_bundle_root_target_tag"",""unified_background_5m_wavea_pilots_20260720_retry1"",""zbbbb""]"	"[""background_process_coverage"",""primary_schema_stratum""]"	/store/user/iturkmen/hh4b_delphes/run2_13tev/frozen_v2/bundles/unified_background_5m_wavea_pilots_20260720_retry1/zbbbb_run2_frozen_v2_unified5m_pilot_shard000_10k_bundle.tar.gz		root/zbbbb_run2_frozen_v2_unified5m_pilot_shard000_10k_delphes.root	zbbbb_run2_frozen_v2_unified5m_pilot_shard000_10k_delphes.root	1
37	519	background	zbbbb	train	295	False	background_receipt_standard_bundle_layout	standard_bundle_root_target_tag	unified_background_5m_wavea_proven111_20260720_v1	"[""background_receipt_standard_bundle_layout"",""standard_bundle_root_target_tag"",""unified_background_5m_wavea_proven111_20260720_v1"",""zbbbb""]"	"[""primary_schema_stratum""]"	/store/user/iturkmen/hh4b_delphes/run2_13tev/frozen_v2/bundles/unified_background_5m_wavea_proven111_20260720_v1/zbbbb_run2_frozen_v2_unified5m_wavea_shard001_10k_bundle.tar.gz		root/zbbbb_run2_frozen_v2_unified5m_wavea_shard001_10k_delphes.root	zbbbb_run2_frozen_v2_unified5m_wavea_shard001_10k_delphes.root	1
38	526	background	zbbbb	train	272	False	background_receipt_standard_bundle_layout	standard_bundle_root_target_tag	unified_background_5m_wavea_zbbbb_remaining15_20260721_v1	"[""background_receipt_standard_bundle_layout"",""standard_bundle_root_target_tag"",""unified_background_5m_wavea_zbbbb_remaining15_20260721_v1"",""zbbbb""]"	"[""primary_schema_stratum""]"	/store/user/iturkmen/hh4b_delphes/run2_13tev/frozen_v2/bundles/unified_background_5m_wavea_zbbbb_remaining15_20260721_v1/zbbbb_run2_frozen_v2_unified5m_wavea_shard010_10k_bundle.tar.gz		root/zbbbb_run2_frozen_v2_unified5m_wavea_shard010_10k_delphes.root	zbbbb_run2_frozen_v2_unified5m_wavea_shard010_10k_delphes.root	1
39	543	background	tth_hbb	train	1189	False	background_receipt_standard_bundle_layout	standard_bundle_root_target_tag	unified_background_5m_waveb_priority_pilots10k_20260721_v1	"[""background_receipt_standard_bundle_layout"",""standard_bundle_root_target_tag"",""unified_background_5m_waveb_priority_pilots10k_20260721_v1"",""tth_hbb""]"	"[""background_process_coverage"",""primary_schema_stratum""]"	/store/user/iturkmen/hh4b_delphes/run2_13tev/frozen_v2/bundles/unified_background_5m_waveb_priority_pilots10k_20260721_v1/tth_hbb_run2_frozen_v2_waveb_pilot_shard1001_10000evt_bundle.tar.gz		root/tth_hbb_run2_frozen_v2_waveb_pilot_shard1001_10000evt_delphes.root	tth_hbb_run2_frozen_v2_waveb_pilot_shard1001_10000evt_delphes.root	1
40	544	background	tth_hbb	train	1246	False	background_receipt_standard_bundle_layout	standard_bundle_root_target_tag	unified_background_5m_waveb_priority_scale400k_20260721_v1	"[""background_receipt_standard_bundle_layout"",""standard_bundle_root_target_tag"",""unified_background_5m_waveb_priority_scale400k_20260721_v1"",""tth_hbb""]"	"[""primary_schema_stratum""]"	/store/user/iturkmen/hh4b_delphes/run2_13tev/frozen_v2/bundles/unified_background_5m_waveb_priority_scale400k_20260721_v1/tth_hbb_run2_frozen_v2_waveb_scale400k_shard2006_10000evt_bundle.tar.gz		root/tth_hbb_run2_frozen_v2_waveb_scale400k_shard2006_10000evt_delphes.root	tth_hbb_run2_frozen_v2_waveb_scale400k_shard2006_10000evt_delphes.root	1
41	547	background	tttt	train	1853	False	background_receipt_standard_bundle_layout	standard_bundle_root_target_tag	unified_background_5m_waveb_priority_pilots10k_20260721_v1	"[""background_receipt_standard_bundle_layout"",""standard_bundle_root_target_tag"",""unified_background_5m_waveb_priority_pilots10k_20260721_v1"",""tttt""]"	"[""background_process_coverage"",""primary_schema_stratum""]"	/store/user/iturkmen/hh4b_delphes/run2_13tev/frozen_v2/bundles/unified_background_5m_waveb_priority_pilots10k_20260721_v1/tttt_run2_frozen_v2_waveb_pilot_shard1003_10000evt_bundle.tar.gz		root/tttt_run2_frozen_v2_waveb_pilot_shard1003_10000evt_delphes.root	tttt_run2_frozen_v2_waveb_pilot_shard1003_10000evt_delphes.root	1
42	548	background	tttt	train	2016	False	background_receipt_standard_bundle_layout	standard_bundle_root_target_tag	unified_background_5m_waveb_priority_scale400k_20260721_v1	"[""background_receipt_standard_bundle_layout"",""standard_bundle_root_target_tag"",""unified_background_5m_waveb_priority_scale400k_20260721_v1"",""tttt""]"	"[""primary_schema_stratum""]"	/store/user/iturkmen/hh4b_delphes/run2_13tev/frozen_v2/bundles/unified_background_5m_waveb_priority_scale400k_20260721_v1/tttt_run2_frozen_v2_waveb_scale400k_shard2201_10000evt_bundle.tar.gz		root/tttt_run2_frozen_v2_waveb_scale400k_shard2201_10000evt_delphes.root	tttt_run2_frozen_v2_waveb_scale400k_shard2201_10000evt_delphes.root	1
43	551	background	ttz_zbb	train	1072	False	background_receipt_standard_bundle_layout	standard_bundle_root_target_tag	unified_background_5m_waveb_priority_scale400k_20260721_v1	"[""background_receipt_standard_bundle_layout"",""standard_bundle_root_target_tag"",""unified_background_5m_waveb_priority_scale400k_20260721_v1"",""ttz_zbb""]"	"[""background_process_coverage"",""primary_schema_stratum""]"	/store/user/iturkmen/hh4b_delphes/run2_13tev/frozen_v2/bundles/unified_background_5m_waveb_priority_scale400k_20260721_v1/ttz_zbb_run2_frozen_v2_waveb_scale400k_shard2103_10000evt_bundle.tar.gz		root/ttz_zbb_run2_frozen_v2_waveb_scale400k_shard2103_10000evt_delphes.root	ttz_zbb_run2_frozen_v2_waveb_scale400k_shard2103_10000evt_delphes.root	1
44	554	background	ttz_zbb	validation	1104	False	background_receipt_standard_bundle_layout	standard_bundle_root_target_tag	unified_background_5m_waveb_priority_pilots10k_20260721_v1	"[""background_receipt_standard_bundle_layout"",""standard_bundle_root_target_tag"",""unified_background_5m_waveb_priority_pilots10k_20260721_v1"",""ttz_zbb""]"	"[""primary_schema_stratum""]"	/store/user/iturkmen/hh4b_delphes/run2_13tev/frozen_v2/bundles/unified_background_5m_waveb_priority_pilots10k_20260721_v1/ttz_zbb_run2_frozen_v2_waveb_pilot_shard1002_10000evt_bundle.tar.gz		root/ttz_zbb_run2_frozen_v2_waveb_pilot_shard1002_10000evt_delphes.root	ttz_zbb_run2_frozen_v2_waveb_pilot_shard1002_10000evt_delphes.root	1
45	555	background	vbf_hbb	train	7	False	background_receipt_standard_bundle_layout	standard_bundle_root_target_tag	unified_background_5m_waveb_priority_scale400k_20260721_v1	"[""background_receipt_standard_bundle_layout"",""standard_bundle_root_target_tag"",""unified_background_5m_waveb_priority_scale400k_20260721_v1"",""vbf_hbb""]"	"[""background_process_coverage"",""primary_schema_stratum""]"	/store/user/iturkmen/hh4b_delphes/run2_13tev/frozen_v2/bundles/unified_background_5m_waveb_priority_scale400k_20260721_v1/vbf_hbb_run2_frozen_v2_waveb_scale400k_shard2302_10000evt_bundle.tar.gz		root/vbf_hbb_run2_frozen_v2_waveb_scale400k_shard2302_10000evt_delphes.root	vbf_hbb_run2_frozen_v2_waveb_scale400k_shard2302_10000evt_delphes.root	1
46	559	background	vbf_hbb	validation	6	False	background_receipt_standard_bundle_layout	standard_bundle_root_target_tag	unified_background_5m_waveb_priority_pilots10k_20260721_v1	"[""background_receipt_standard_bundle_layout"",""standard_bundle_root_target_tag"",""unified_background_5m_waveb_priority_pilots10k_20260721_v1"",""vbf_hbb""]"	"[""primary_schema_stratum""]"	/store/user/iturkmen/hh4b_delphes/run2_13tev/frozen_v2/bundles/unified_background_5m_waveb_priority_pilots10k_20260721_v1/vbf_hbb_run2_frozen_v2_waveb_pilot_shard1004_10000evt_bundle.tar.gz		root/vbf_hbb_run2_frozen_v2_waveb_pilot_shard1004_10000evt_delphes.root	vbf_hbb_run2_frozen_v2_waveb_pilot_shard1004_10000evt_delphes.root	1
47	560	background	ttw	train	48	False	background_receipt_standard_bundle_layout	standard_bundle_root_target_tag	unified_background_5m_wavec1_pilot40k_20260721_v1	"[""background_receipt_standard_bundle_layout"",""standard_bundle_root_target_tag"",""unified_background_5m_wavec1_pilot40k_20260721_v1"",""ttw""]"	"[""background_process_coverage"",""primary_schema_stratum""]"	/store/user/iturkmen/hh4b_delphes/run2_13tev/frozen_v2/bundles/unified_background_5m_wavec1_pilot40k_20260721_v1/ttw_run2_frozen_v2_wavec1_pilot_shard3202_10kevt_bundle.tar.gz		root/ttw_run2_frozen_v2_wavec1_pilot_shard3202_10kevt_delphes.root	ttw_run2_frozen_v2_wavec1_pilot_shard3202_10kevt_delphes.root	1
48	561	background	ttw	train	65	False	background_receipt_standard_bundle_layout	standard_bundle_root_target_tag	unified_background_5m_wavec1_scaleout180k_20260721_v2	"[""background_receipt_standard_bundle_layout"",""standard_bundle_root_target_tag"",""unified_background_5m_wavec1_scaleout180k_20260721_v2"",""ttw""]"	"[""primary_schema_stratum""]"	/store/user/iturkmen/hh4b_delphes/run2_13tev/frozen_v2/bundles/unified_background_5m_wavec1_scaleout180k_20260721_v2/ttw_run2_frozen_v2_wavec1_scaleout_shard3401_10kevt_bundle.tar.gz		root/ttw_run2_frozen_v2_wavec1_scaleout_shard3401_10kevt_delphes.root	ttw_run2_frozen_v2_wavec1_scaleout_shard3401_10kevt_delphes.root	1
49	566	background	wh_hbb	train	5	False	background_receipt_standard_bundle_layout	standard_bundle_root_target_tag	unified_background_5m_wavec1_pilot40k_20260721_v1	"[""background_receipt_standard_bundle_layout"",""standard_bundle_root_target_tag"",""unified_background_5m_wavec1_pilot40k_20260721_v1"",""wh_hbb""]"	"[""background_process_coverage"",""primary_schema_stratum""]"	/store/user/iturkmen/hh4b_delphes/run2_13tev/frozen_v2/bundles/unified_background_5m_wavec1_pilot40k_20260721_v1/wh_hbb_run2_frozen_v2_wavec1_pilot_shard3201_10kevt_bundle.tar.gz		root/wh_hbb_run2_frozen_v2_wavec1_pilot_shard3201_10kevt_delphes.root	wh_hbb_run2_frozen_v2_wavec1_pilot_shard3201_10kevt_delphes.root	1
50	567	background	wh_hbb	train	7	False	background_receipt_standard_bundle_layout	standard_bundle_root_target_tag	unified_background_5m_wavec1_scaleout180k_20260721_v2	"[""background_receipt_standard_bundle_layout"",""standard_bundle_root_target_tag"",""unified_background_5m_wavec1_scaleout180k_20260721_v2"",""wh_hbb""]"	"[""primary_schema_stratum""]"	/store/user/iturkmen/hh4b_delphes/run2_13tev/frozen_v2/bundles/unified_background_5m_wavec1_scaleout180k_20260721_v2/wh_hbb_run2_frozen_v2_wavec1_scaleout_shard3301_10kevt_bundle.tar.gz		root/wh_hbb_run2_frozen_v2_wavec1_scaleout_shard3301_10kevt_delphes.root	wh_hbb_run2_frozen_v2_wavec1_scaleout_shard3301_10kevt_delphes.root	1
51	572	background	ww	train	0	True	background_receipt_standard_bundle_layout	standard_bundle_root_target_tag	unified_background_5m_wavec1_scaleout180k_20260721_v2	"[""background_receipt_standard_bundle_layout"",""standard_bundle_root_target_tag"",""unified_background_5m_wavec1_scaleout180k_20260721_v2"",""ww""]"	"[""background_process_coverage"",""primary_schema_stratum"",""zero_row_background_campaign_coverage""]"	/store/user/iturkmen/hh4b_delphes/run2_13tev/frozen_v2/bundles/unified_background_5m_wavec1_scaleout180k_20260721_v2/ww_run2_frozen_v2_wavec1_scaleout_shard3601_10kevt_bundle.tar.gz		root/ww_run2_frozen_v2_wavec1_scaleout_shard3601_10kevt_delphes.root	ww_run2_frozen_v2_wavec1_scaleout_shard3601_10kevt_delphes.root	1
52	575	background	ww	validation	0	True	background_receipt_standard_bundle_layout	standard_bundle_root_target_tag	unified_background_5m_wavec1_pilot40k_20260721_v1	"[""background_receipt_standard_bundle_layout"",""standard_bundle_root_target_tag"",""unified_background_5m_wavec1_pilot40k_20260721_v1"",""ww""]"	"[""primary_schema_stratum"",""zero_row_background_campaign_coverage""]"	/store/user/iturkmen/hh4b_delphes/run2_13tev/frozen_v2/bundles/unified_background_5m_wavec1_pilot40k_20260721_v1/ww_run2_frozen_v2_wavec1_pilot_shard3204_10kevt_bundle.tar.gz		root/ww_run2_frozen_v2_wavec1_pilot_shard3204_10kevt_delphes.root	ww_run2_frozen_v2_wavec1_pilot_shard3204_10kevt_delphes.root	1
53	576	background	wz_zbb	train	2	False	background_receipt_standard_bundle_layout	standard_bundle_root_target_tag	unified_background_5m_wavec1_pilot40k_20260721_v1	"[""background_receipt_standard_bundle_layout"",""standard_bundle_root_target_tag"",""unified_background_5m_wavec1_pilot40k_20260721_v1"",""wz_zbb""]"	"[""background_process_coverage"",""primary_schema_stratum""]"	/store/user/iturkmen/hh4b_delphes/run2_13tev/frozen_v2/bundles/unified_background_5m_wavec1_pilot40k_20260721_v1/wz_zbb_run2_frozen_v2_wavec1_pilot_shard3203_10kevt_bundle.tar.gz		root/wz_zbb_run2_frozen_v2_wavec1_pilot_shard3203_10kevt_delphes.root	wz_zbb_run2_frozen_v2_wavec1_pilot_shard3203_10kevt_delphes.root	1
54	577	background	wz_zbb	train	2	False	background_receipt_standard_bundle_layout	standard_bundle_root_target_tag	unified_background_5m_wavec1_scaleout180k_20260721_v2	"[""background_receipt_standard_bundle_layout"",""standard_bundle_root_target_tag"",""unified_background_5m_wavec1_scaleout180k_20260721_v2"",""wz_zbb""]"	"[""primary_schema_stratum""]"	/store/user/iturkmen/hh4b_delphes/run2_13tev/frozen_v2/bundles/unified_background_5m_wavec1_scaleout180k_20260721_v2/wz_zbb_run2_frozen_v2_wavec1_scaleout_shard3501_10kevt_bundle.tar.gz		root/wz_zbb_run2_frozen_v2_wavec1_scaleout_shard3501_10kevt_delphes.root	wz_zbb_run2_frozen_v2_wavec1_scaleout_shard3501_10kevt_delphes.root	1
