qcd_threshold,top_threshold,signal_events_450fb,background_events_450fb,S_over_B,S_over_sqrtB,S_over_10pctB,n_signal_test_rows,n_background_test_rows,neff_signal,neff_background
0.5,0.5,210.38623359658783,1345422.9963140471,0.00015637181330553065,0.18137937270268467,0.0015637181330553063,288,2140,166.92553253618044,382.89171621528754
0.5,0.525,198.16886410566872,1304900.9750135231,0.00015186505941848578,0.17347889301670455,0.0015186505941848579,275,2081,157.47230013729197,366.90203851797463
0.5,0.55,191.01187429003855,1249754.3549636807,0.00015283953485050234,0.17086300365325466,0.0015283953485050233,263,1992,151.65155326095993,344.9435230588846
0.5,0.575,184.08693523390207,1210990.75385909,0.00015201349361856673,0.16728328713425103,0.001520134936185667,254,1925,146.1880901306226,327.64435435273714
0.5,0.6,172.02426624931206,1155077.7103027897,0.00014892873848653697,0.16006047907457419,0.0014892873848653696,243,1828,136.9740535606898,316.09217359365044
0.5,0.625,161.13000436708865,1118406.1726176825,0.00014407109716674422,0.15236199170281525,0.001440710971667442,231,1750,128.51980146539202,299.2712938639706
0.5,0.65,152.80460744909195,1061539.640318346,0.0001439462094917786,0.14830928506056518,0.001439462094917786,220,1675,121.9402753665645,289.10536776970133
0.5,0.675,140.58723795817286,996889.1373579041,0.00014102595031858503,0.1408064232757738,0.0014102595031858503,207,1593,112.49058488621466,288.5868438080169
0.5,0.7,132.02979028068248,936088.2642768007,0.00014104416786240293,0.1364625659409438,0.0014104416786240293,193,1485,105.55170409997352,260.80870887473077
0.5,0.725,123.70439336268578,864118.4626540616,0.00014315675304834818,0.13307561493984438,0.0014315675304834817,182,1388,98.97252313781306,257.42684796642993
0.5,0.75,108.45405738855257,785543.1272765932,0.0001380625119394182,0.12236600668929826,0.001380625119394182,162,1270,86.93109202997803,236.25414505392985
0.5,0.775,102.46547467528895,727083.7396334062,0.00014092664859614629,0.12016703351086674,0.0014092664859614626,149,1148,81.86520952974735,207.52403401266787
0.5,0.8,87.36983920748487,652970.2935954646,0.00013380369683649532,0.1081221877228335,0.001338036968364953,131,1010,70.06357879173144,186.32449377897723
0.5,0.825,81.07185548156303,561119.9710154564,0.00014448221355381033,0.10822865210696676,0.0014448221355381032,114,849,64.51952393068382,156.8087683288154
0.5,0.85,65.97622001375895,470985.06981138536,0.00014008134066793314,0.09613551555866269,0.0014008134066793314,96,705,52.715942013421746,128.39844463835527
0.5,0.875,53.604150016510744,379632.25450858,0.00014120019935055136,0.08699952108114262,0.0014120019935055135,81,516,43.02754333052032,88.29700793918346
0.5,0.9,27.227501400660437,223522.629205507,0.00012181093922095662,0.05758999494924757,0.0012181093922095662,46,316,22.180304343614267,67.07984196063737
0.5,0.925,8.944198943313156,109970.05407097963,8.133304124357496e-05,0.026971446041086276,0.0008133304124357496,19,156,7.56026839398101,43.2282864626254
0.5,0.95,1.8645593808475511,26672.712451443047,6.990512810580968e-05,0.011416753583179293,0.0006990512810580967,8,42,1.9395208040524277,36.83302434801184
0.525,0.5,203.61599504678043,1228474.1569558254,0.00016574707241000776,0.18370834242040968,0.0016574707241000775,281,1991,161.70010452034288,371.70782781047507
0.525,0.525,192.72173316455698,1188901.613073389,0.0001621006574853226,0.17674931303313623,0.001621006574853226,269,1935,153.24462477446897,355.6899325127801
0.525,0.55,185.56474334892684,1134912.5270933362,0.00016350576711333264,0.1741864108088084,0.0016350576711333263,257,1851,147.42370132656436,333.5524773844509
0.525,0.575,178.63980429279033,1098373.188287906,0.00016264035411429323,0.1704524597331686,0.0016264035411429321,248,1787,141.96028805471974,316.55288208300044
0.525,0.6,167.90024291689605,1044047.0145902303,0.00016081674538650337,0.16432032928246748,0.0016081674538650336,238,1693,133.74389555211658,306.4227972655133
0.525,0.625,157.00598103467257,1010208.8287647404,0.00015541933169071172,0.1562106419033395,0.001554193316907117,226,1624,125.28984395933317,290.1140310487413
0.525,0.65,150.0810419785361,954395.8022093424,0.0001572524120821903,0.15362488684758488,0.0015725241208219029,217,1553,119.82690286249922,281.4443689915676
0.525,0.675,137.86367248761698,891540.225759226,0.00015463539221711927,0.14600891434297814,0.0015463539221711928,204,1476,110.37755901897722,285.56441297294145
0.525,0.7,129.30622481012662,833156.591234338,0.00015520038630259997,0.14166289578383778,0.0015520038630259993,190,1373,103.43856520858628,256.9753650640266
0.525,0.725,122.30393550082557,764743.8755164298,0.0001599279698948017,0.13985642679116253,0.001599279698948017,180,1286,97.85601338597716,260.58177314156103
0.525,0.75,107.05359952669235,692931.8402583385,0.000154493693761829,0.12860445568244627,0.0015449369376182899,160,1178,85.8146009573365,243.89180784816523
0.525,0.775,101.06501681342874,636252.2987308302,0.00015884424624481368,0.1267027877256397,0.0015884424624481367,147,1061,80.74869081668994,212.46407021647065
0.525,0.8,85.96938134562465,583535.149106364,0.00014732511225292887,0.1125408759387406,0.0014732511225292884,129,938,68.94709376917262,183.68060889743356
0.525,0.825,79.67139761970282,494843.4858489581,0.00016100322606655684,0.11325790057211704,0.0016100322606655683,112,783,63.403003713255416,155.41130966595398
0.525,0.85,64.57576215189876,409215.14796780574,0.00015780393876567623,0.10094706343606587,0.0015780393876567624,94,652,51.5994237134669,128.99126341674955
0.525,0.875,52.203692154650525,324728.0958195377,0.00016076124248781316,0.09160966331797603,0.0016076124248781316,79,474,41.91107275893196,87.30964693249359
0.525,0.9,25.827043538800226,205535.55455516514,0.00012565730340279556,0.05696803178934858,0.0012565730340279556,44,290,21.064340047012212,57.74250705597467
0.525,0.925,8.866848690148599,101710.39731487243,8.717740687511854e-05,0.027802677496262772,0.0008717740687511854,18,144,7.434273584126084,37.796964551286564
0.525,0.95,1.787209127682994,24448.450152282123,7.310112160693214e-05,0.011430091503560839,0.0007310112160693213,7,39,1.7879064131320188,33.83488960046604
0.55,0.5,191.55332606219045,1140803.858053629,0.00016791083297089057,0.17934290768649594,0.0016791083297089055,270,1820,152.48598522395463,342.4723558494987
0.55,0.525,181.98217178866267,1101647.427474595,0.00016519093790818057,0.17338340647344783,0.0016519093790818055,259,1768,145.02859013242315,326.7668501268799
0.55,0.55,176.14828958172816,1050194.6887712544,0.00016772917580436887,0.17188719391185767,0.0016772917580436884,248,1690,140.20425349251474,306.0798084891719
0.55,0.575,170.62380838745185,1017362.4537977593,0.00016771191796052857,0.16916159775312264,0.0016771191796052856,241,1631,135.8575315128785,291.0914805010511
0.55,0.6,162.53046222894883,965643.1401695115,0.00016831317436834668,0.16539654781557278,0.0016831317436834668,233,1550,129.63632508734108,282.3048421332048
0.55,0.625,151.63620034672542,935199.2247810913,0.00016214320577759243,0.15680172076910168,0.0016214320577759244,221,1489,121.18293459882754,267.81621219803094
0.55,0.65,144.7112612905889,884547.5480917993,0.00016359918876353115,0.1538656717792755,0.0016359918876353114,212,1425,115.72020225133686,261.1214322993363
0.55,0.675,132.4938917996698,822626.3686651243,0.00016106205301280049,0.1460812726700814,0.0016106205301280048,199,1351,106.27196350990504,266.0075651081182
0.55,0.7,123.93644412217941,766243.1109757356,0.00016174559007043924,0.14158450934256164,0.0016174559007043924,185,1255,99.33265503839989,238.38556341222102
0.55,0.725,116.93415481287838,713619.8845858774,0.00016386056125767396,0.1384228891398745,0.0016386056125767393,175,1178,93.75020197257601,230.50769691990814
0.55,0.75,101.68381883874518,648970.6170652283,0.00015668478073565061,0.1262232421510096,0.0015668478073565062,155,1084,81.70961733701806,217.24579727705301
0.55,0.775,95.69523612548157,594781.4332131789,0.00016089143134228085,0.12408280909483904,0.0016089143134228085,142,979,76.64240684308326,188.526607432627
0.55,0.8,81.92270826637316,544803.4748640716,0.00015037111921287373,0.11099013168279545,0.0015037111921287372,125,864,65.83836616098178,162.4877882582736
0.55,0.825,75.62472454045131,461583.68115963304,0.00016383751771826055,0.11131112768647511,0.0016383751771826055,108,719,60.29228772408106,137.25121257934387
0.55,0.85,60.60643932581179,383770.5838511058,0.00015792361863077473,0.09783244968137458,0.0015792361863077471,91,602,48.60993334245909,115.02209733979142
0.55,0.875,50.88058454595488,305245.3820957646,0.00016668748335066415,0.09209319513067137,0.0016668748335066414,78,439,40.915053778015185,78.04115514594909
0.55,0.9,25.827043538800226,193007.5519171333,0.0001338136424314056,0.0587878454203023,0.0013381364243140559,44,267,21.064340047012212,51.54201683923611
0.55,0.925,8.866848690148599,93465.8209534117,9.486728517121039e-05,0.029002997487471885,0.0009486728517121037,18,132,7.434273584126084,32.63976417823025
0.55,0.95,1.787209127682994,23707.02938589515,7.538730806763671e-05,0.011607449551470389,0.000753873080676367,7,38,1.7879064131320188,32.83559122362503
0.575,0.5,186.10619512107874,1053563.8345038672,0.0001766444414910254,0.1813136092387517,0.001766444414910254,264,1667,148.25869578780248,314.3457054458997
0.575,0.525,176.53504084755096,1020248.781088888,0.00017303136658407882,0.17477442423829614,0.0017303136658407881,253,1622,140.80156150307494,301.0498118456118
0.575,0.55,170.70115864061646,970679.9168270768,0.00017585730958419145,0.17326005454646223,0.0017585730958419145,242,1550,135.97694160666398,281.4255445869174
0.575,0.575,165.17667744634014,939759.1107578768,0.0001757649120455262,0.17038856822958584,0.001757649120455262,235,1497,131.63030631760407,267.4983019501582
0.575,0.6,157.08333128783713,890010.0131758355,0.0001764961393269211,0.16650706148663785,0.0017649613932692108,227,1423,125.40951083735897,259.7083538211022
0.575,0.625,146.18906940561368,861419.8114396513,0.00016970711314532528,0.15750976141886666,0.0016970711314532527,215,1368,116.95662378155271,246.21733596772856
0.575,0.65,139.2641303494772,811273.1959849654,0.0001716611999985983,0.1546164536281714,0.0017166119999859832,206,1309,111.49406309406935,239.80637753493167
0.575,0.675,127.04676085855806,751042.9147427655,0.0001691604545687938,0.1465990716830312,0.0016916045456879377,193,1239,102.04670391007596,245.9675569959703
0.575,0.7,118.56666343423227,697284.9522612931,0.00017004047348178234,0.14198989960385205,0.0017004047348178233,180,1150,95.22753778607307,219.61413820726628
0.575,0.725,111.56437412493123,647195.46682162,0.0001723812663163795,0.13867807356410014,0.0017238126631637948,170,1079,89.64524360573992,213.49541997526015
0.575,0.75,97.63714575949368,583807.7616966105,0.0001672419453207495,0.1277850781287991,0.0016724194532074946,151,991,78.60141506102475,201.44811003584073
0.575,0.775,92.97167065492572,535016.579860971,0.0001737734383466869,0.12710628182171885,0.0017377343834668688,139,895,74.5295306426223,175.22180644252012
0.575,0.8,80.52225040451296,487455.8600680789,0.00016518880374782465,0.1153315837895426,0.0016518880374782464,123,785,64.72191571214415,149.8698961430219
0.575,0.825,74.2242666785911,406992.94436017313,0.00018237236715559738,0.11634627288642721,0.0018237236715559738,106,648,59.17576387733884,126.17207250885387
0.575,0.85,59.20598146395158,333287.9837923364,0.00017764211235662603,0.10255474446072013,0.0017764211235662601,89,540,47.49345097571201,106.42570120497457
0.575,0.875,49.480126684094664,266728.5015892003,0.0001855074594176706,0.09580674607161487,0.0018550745941767058,76,394,39.79861551603466,73.03179144142739
0.575,0.9,25.74969328563567,164705.4638182358,0.00015633782079052514,0.06344801757581317,0.0015633782079052512,43,241,20.94231325395112,53.17264892950105
0.575,0.925,8.789498436984042,68555.39696505608,0.0001282101603388601,0.03356937598323633,0.001282101603388601,17,114,7.309268268354294,81.98457835682258
0.575,0.95,1.787209127682994,18413.055695335832,9.706206059734603e-05,0.013170808655936684,0.0009706206059734603,7,30,1.7879064131320188,25.573443798012992
0.6,0.5,177.78079820308204,907981.9640719091,0.00019579771982012895,0.18657190280416272,0.001957977198201289,253,1502,141.67901913715272,335.2295290689506
0.6,0.525,169.61010179141442,879438.9532650852,0.00019286171161932787,0.18086263997691898,0.0019286171161932784,244,1466,135.33855061451933,322.62753622145556
0.6,0.55,163.85356983764447,833454.7293708704,0.00019659564468645899,0.17947952027016745,0.0019659564468645896,234,1404,130.63329006884226,303.3489520135161
0.6,0.575,158.3290886433682,803587.4290456091,0.00019702783159688023,0.17662173426312253,0.001970278315968802,227,1355,126.28675423342928,287.7698526540469
0.6,0.6,150.23574248486517,755633.2579738931,0.0001988209768422551,0.17282944505338893,0.001988209768422551,219,1286,120.06641723782246,286.4008946272666
0.6,0.625,139.34148060264172,729564.3231197749,0.00019099272838176543,0.1631355557720431,0.0019099272838176543,207,1237,111.61411084683942,271.6919745115113
0.6,0.65,132.41654154650524,695979.5269661335,0.00019025924817605829,0.15872451493298656,0.0019025924817605826,198,1183,106.15176090823138,255.73310813240613
0.6,0.675,120.19917205558613,651866.648841496,0.00018439227143957328,0.1488751099428162,0.001843922714395733,185,1120,96.70545571356921,258.07569273985695
0.6,0.7,111.7964248844249,603684.5842388413,0.0001851901271015293,0.14388743563578865,0.0018519012710152929,173,1042,90.00691479114349,231.96489924351866
0.6,0.725,104.79413557512383,570260.9464260634,0.00018376523279717665,0.13877146219501157,0.0018376523279717664,163,977,84.4248718959725,213.47444917265292
0.6,0.75,93.5131224270776,510239.9572753572,0.00018327283289695814,0.13091376879553418,0.0018327283289695814,146,897,75.37293551605308,207.35067890352278
0.6,0.775,88.84764732250964,464696.382693524,0.0001911950482754378,0.130335069029737,0.0019119504827543779,134,808,71.30031165279883,180.02759987242618
0.6,0.8,76.39822707209689,420851.88605684467,0.00018153233858093663,0.11776565213947218,0.0018153233858093662,118,709,61.493167906311484,153.52839008763866
0.6,0.825,70.10024334617503,344717.6378094495,0.0002033555456913537,0.11939544898679394,0.002033555456913537,101,583,55.9457853246356,134.44997843693054
0.6,0.85,55.0819581315355,289798.75884181814,0.0001900696826710741,0.10232013635136704,0.0019006968267107408,84,483,44.26439488393769,102.33976395990254
0.6,0.875,45.3561033516786,230595.02063317876,0.00019669159909497462,0.09445191632232033,0.001966915990949746,71,353,36.57008286158945,70.33066923706096
0.6,0.9,23.026127815079807,131271.14560668822,0.00017540890428480144,0.06355303179207848,0.0017540890428480143,40,208,18.83262092836996,58.65550085797799
0.6,0.925,6.0659329664281785,60310.82060359539,0.00010057785494741821,0.024700172590858056,0.001005778549474182,14,102,5.21014652644317,70.94412031861752
0.6,0.95,1.709858874518437,16188.793396174917,0.00010561990833254084,0.013438569030526232,0.0010561990833254083,6,27,1.6419936347827069,22.57647439563272
0.625,0.5,172.17896675564117,819786.7669796846,0.00021002896569066964,0.19016458740095515,0.0021002896569066965,245,1346,137.21292451814492,305.7710913719032
0.625,0.525,164.08562059713816,792178.1531963024,0.00020713222137606416,0.18435677120777336,0.002071322213760641,237,1313,130.99211977442968,293.7423496506437
0.625,0.55,159.65219625206385,747376.4115081151,0.00021361685195536882,0.18467376524868553,0.002136168519553688,228,1256,127.28371852861554,275.20220151580776
0.625,0.575,154.12771505778758,718458.5886009417,0.00021452553773199554,0.18183600015446796,0.0021452553773199552,221,1210,122.93718341695171,260.1318568366653
0.625,0.6,146.03436889928457,675145.9183846021,0.00021630045435021793,0.1777281641824463,0.002163004543502179,213,1149,116.71686590303915,262.3763317839506
0.625,0.625,135.14010701706113,650559.8250632578,0.00020772894637925213,0.1675485363834417,0.002077289463792521,201,1102,108.26461593526768,248.4010084505442
0.625,0.65,128.21516796092462,619288.2391399811,0.00020703633600240782,0.16292697319524213,0.0020703633600240782,192,1052,102.8022944665287,233.77992013339838
0.625,0.675,115.99779847000552,577252.2117139276,0.0002009482096666115,0.15267465384868575,0.0020094820966661147,179,997,93.35617424412925,239.0239927248349
0.625,0.7,107.59505129884425,533711.6479666495,0.0002015977198713258,0.1472783657272355,0.0020159771987132576,167,927,86.65767996007207,215.4758707366248
0.625,0.725,101.91586959823887,502923.17310338,0.00020264699470765732,0.1437113241435782,0.002026469947076573,158,869,82.0713374669029,198.2350237535744
0.625,0.75,91.9579640588883,449613.9583452045,0.0002045264884509765,0.13714167664887844,0.0020452648845097647,142,798,74.01508577730927,197.949993449725
0.625,0.775,87.36983920748489,408515.5536178517,0.00021387151219514036,0.1366964506911246,0.0021387151219514036,131,721,70.06357879173147,172.40562003533574
0.625,0.8,76.24352656576778,367281.2717944422,0.0002075889309391177,0.12580664597236488,0.0020758893093911768,116,629,61.252104309797566,146.02147293057138
0.625,0.825,70.02289309301048,310971.5304965444,0.00022517460997539322,0.1255682190746022,0.002251746099753932,100,515,55.826192337112104,112.38375378321571
0.625,0.85,55.004607878370955,260482.74098874684,0.00021116411655368452,0.10777290674848683,0.002111641165536845,83,427,44.14401663297534,84.80291343367742
0.625,0.875,45.27875309851404,206603.46073249783,0.00021915776695115101,0.09961521178717057,0.00219157766951151,70,312,36.449332803895295,57.76712652208311
0.625,0.9,23.026127815079807,114531.30137465354,0.0002010465919683999,0.06803913964366815,0.0020104659196839986,40,182,18.83262092836996,46.574204678938095
0.625,0.925,6.0659329664281785,49826.901548327245,0.00012174011985362594,0.027174756785609454,0.0012174011985362592,14,87,5.21014652644317,56.989418502080525
0.625,0.95,1.709858874518437,10998.848031466105,0.00015545799611257284,0.016303718418444774,0.0015545799611257284,6,20,1.6419936347827069,15.588554732092591
0.65,0.5,160.19364802421578,731268.120409873,0.0002190628082274773,0.1873298438487279,0.002190628082274773,235,1172,128.12173836019298,253.21624438525956
0.65,0.525,153.42340947440837,704737.9605066676,0.00021770277475063985,0.18275858927635197,0.0021770277475063986,228,1143,122.89917986823441,242.1614920909724
0.65,0.55,148.9899851293341,661523.0886771047,0.00022522265311597828,0.1831827495659424,0.002252226531159783,219,1089,119.18964482768193,224.95545029474215
0.65,0.575,143.46550393505782,639188.0637003729,0.00022444959798609287,0.1794457430063359,0.0022444959798609285,212,1051,114.84357764480097,213.56644206818942
0.65,0.6,135.3721577765548,599420.0053207447,0.0002258385715774005,0.17484923432376712,0.0022583857157740046,204,1000,108.62518190776603,215.37574133857714
0.65,0.625,125.80100350302698,576420.7818580251,0.0002182450866839362,0.1656968645281023,0.002182450866839362,193,956,101.17119474144518,203.10535315138964
0.65,0.65,118.8760644468905,547906.0739312811,0.00021696431213828822,0.16059845438990505,0.0021696431213828822,184,914,95.70966496997123,190.68753491151526
0.65,0.675,107.98180256466705,511772.8171377206,0.0002109955803604329,0.15094264838175325,0.0021099558036043286,172,867,87.26224225737613,195.39585558802483
0.65,0.7,99.5790553935058,472873.75424581877,0.00021058274962272615,0.14480894754675283,0.0021058274962272618,160,805,80.564449546198,175.8498391401913
0.65,0.725,93.89987369290039,444606.5462646152,0.00021119768586811194,0.1408241315515511,0.0021119768586811195,151,753,75.97808823700741,161.0725407121307
0.65,0.75,83.94196815354981,393937.70710900263,0.0002130843700380351,0.13374124795197617,0.002130843700380351,135,689,67.92164339208502,159.2890633650764
0.65,0.775,79.35384330214642,358859.6164439496,0.00022112781618753338,0.13246638092546864,0.002211278161875334,124,621,63.96743745370868,139.16166578458296
0.65,0.8,70.95109613098516,319966.4227862088,0.00022174544289102607,0.1254315838820872,0.0022174544289102604,112,540,57.2692183232038,116.02151305039082
0.65,0.825,66.05357026692351,273591.1149984096,0.00024143170828960396,0.12628311964855293,0.0024143170828960395,97,442,52.83579397259188,89.70889724215532
0.65,0.85,51.03528505228399,228129.77886009743,0.00022371163163044058,0.10685123719345081,0.0022371163163044058,80,366,41.15644996481065,66.94738919921889
0.65,0.875,43.95564548981839,181735.21906043414,0.00024186641266930983,0.10310865284342678,0.0024186641266930983,69,268,35.45370692279877,45.79452292047414
0.65,0.9,23.026127815079807,95995.45874244122,0.00023986684491877496,0.07431826578775665,0.0023986684491877496,40,150,18.83262092836996,34.33566610997951
0.65,0.925,6.0659329664281785,36110.45563389923,0.00016798273131546124,0.03192134063094944,0.0016798273131546123,14,65,5.21014652644317,38.76770931787479
0.65,0.95,1.709858874518437,7202.796268327247,0.00023738820463896433,0.020146968218765125,0.0023738820463896433,6,14,1.6419936347827069,10.367669630587653
0.675,0.5,145.17536280957623,615129.4585434513,0.00023600782045674274,0.1851013802236627,0.002360078204567427,218,1010,116.44054337142656,234.71544555248263
0.675,0.525,138.40512425976888,591001.4568018148,0.00023418745024545915,0.1800353941626513,0.0023418745024545913,211,986,111.21921386102498,224.93061771583507
0.675,0.55,135.37215777655476,555514.1502858406,0.00024368804594248196,0.1816275766605556,0.0024368804594248196,204,939,108.62518190776599,209.99749473441548
0.675,0.575,129.8476765822785,536560.9216780589,0.00024199987612998062,0.17726568096695192,0.002419998761299806,197,909,104.27962930305696,200.00190208694815
0.675,0.6,121.75433042377549,517360.3563050053,0.00023533757262219813,0.1692730592214023,0.002353375726221981,189,871,98.06318302112206,189.84881525475794
0.675,0.625,112.18317615024766,496585.3951414465,0.0002259091331477713,0.1591954901304248,0.002259091331477713,178,830,90.61121546646386,178.80316209756165
0.675,0.65,105.25823709411117,469642.4766786805,0.00022412418450413427,0.15359334800394345,0.0022412418450413426,169,791,85.15081260464355,167.26306809912185
0.675,0.675,95.76443307374794,435096.08974374447,0.00022009950291704448,0.1451816245833628,0.0022009950291704446,159,747,77.82336252804517,174.33635321388735
0.675,0.7,87.3616859025867,400305.163592533,0.00021823771924039275,0.1380782932990414,0.0021823771924039275,147,694,71.12696376080595,157.12530832019695
0.675,0.725,81.75985445514584,375938.0357003187,0.00021748226221068306,0.13334660889921915,0.0021748226221068303,139,649,66.66301840950577,144.4694272572202
0.675,0.75,71.8019489157953,327582.4067750711,0.00021918743934590138,0.12545152578943947,0.0021918743934590135,123,589,58.607130551592576,147.62167014051494
0.675,0.775,67.21382406439187,297010.8794329367,0.0002263008822865977,0.12333104916292584,0.0022630088228659767,112,534,54.64886148976156,129.55534617647425
0.675,0.8,60.21153475509081,261365.29302900235,0.0002303731075281271,0.11777571214205455,0.002303731075281271,102,460,49.06869658457692,106.71311432694064
0.675,0.825,56.71446675288939,224792.8359626855,0.0002522965934835384,0.11961967548438421,0.002522965934835384,89,377,45.74281914589635,83.19112962132618
0.675,0.85,43.01928914694552,184267.39893612746,0.00023346120580915823,0.10021644135219897,0.002334612058091582,73,312,35.06651357672636,61.317283571989414
0.675,0.875,37.262757193175574,144294.18610751946,0.00025824157021412894,0.09809583542675748,0.002582415702141289,63,227,30.358419577551953,41.47268961524943
0.675,0.9,17.733697380297198,68786.90491836716,0.0002578062990527435,0.0676155225531516,0.002578062990527435,36,128,14.868547168252167,83.87841621456904
0.675,0.925,4.742825357732526,28503.271712974998,0.0001663958231003194,0.028092460362541594,0.0016639582310031939,13,53,4.234898731044761,28.892222699630217
0.675,0.95,1.709858874518437,4889.58603796233,0.0003496939947969497,0.024452553657427455,0.0034969399479694973,6,10,1.6419936347827069,7.14309041966139
0.7,0.5,133.97169991469457,535271.3593827308,0.0002502874431189244,0.18311590379304776,0.002502874431189244,202,872,107.5087053718406,190.20951776842904
0.7,0.525,127.2014613648872,516764.20408532885,0.00024614990813853565,0.17694809416903726,0.0024614990813853566,195,853,102.28763444503795,182.96228140777876
0.7,0.55,125.49160249036876,482863.7674279792,0.000259890285740038,0.18059360018892476,0.0025989028574003796,189,809,100.68956096981476,169.27967438284392
0.7,0.575,119.96712129609246,470257.72563617234,0.00025510930444321565,0.17494207289814828,0.002551093044432156,182,785,96.34400120892296,162.5627853947277
0.7,0.6,113.1968827462851,452301.0359375844,0.00025026890002946133,0.16831416854108472,0.0025026890002946126,175,753,91.12333200973823,153.66138422781384
0.7,0.625,105.02618633461752,432147.63840260135,0.00024303311415246485,0.15976495589602602,0.0024303311415246483,166,718,84.78747842217852,143.5782892724557
0.7,0.65,98.10124727848103,408913.3890624605,0.00023990715369678518,0.15341183464350094,0.0023990715369678513,157,684,79.32694796223738,133.65145723825538
0.7,0.675,88.68479351128234,379454.48445707303,0.00023371655137551835,0.14396910814097189,0.0023371655137551833,148,646,72.12109503860164,139.75398392615836
0.7,0.7,81.68250420198129,352079.3312604215,0.00023200028217948253,0.13766032116767135,0.002320002821794825,138,603,66.54091303084276,126.76374685792138
0.7,0.725,76.15802300770501,329789.05406679126,0.000230929504992852,0.13261649427730907,0.00230929504992852,131,566,62.199397071322664,116.0171373301053
0.7,0.75,67.52322507705009,283761.71576655505,0.0002379574880094116,0.12675826214345534,0.002379574880094116,116,510,55.13718039640332,117.07387505001027
0.7,0.775,62.93510022564669,259564.92970316138,0.00024246380394153907,0.12352928317671202,0.0024246380394153904,105,461,51.178782027977014,102.89047322654177
0.7,0.8,56.0101611695102,229406.2932468408,0.00024415267940903156,0.11694028785524521,0.0024415267940903155,96,397,45.72089923855147,85.16770828149062
0.7,0.825,52.59044342047331,195355.1030625899,0.00026920434939252055,0.11898561301801441,0.0026920434939252057,84,320,42.51481018919144,65.02826111769372
0.7,0.85,38.895265814529445,158107.4340791312,0.00024600529406519086,0.09781840984419589,0.0024600529406519083,68,262,31.84133758470804,46.68669498709536
0.7,0.875,34.461841469455145,124126.23243274313,0.00027763544251718135,0.09781527798012501,0.0027763544251718135,59,192,28.1265314419001,31.59467086071185
0.7,0.9,16.25588926527243,56241.21555916159,0.00028903872549078245,0.06854619985785963,0.0028903872549078244,33,105,13.629501570897816,66.52328457379807
0.7,0.925,4.665475104567969,24692.13955518962,0.00018894576122656866,0.029690431878236462,0.0018894576122656863,12,47,4.1025131369246255,24.041667140852482
0.7,0.95,1.6325086213538802,4889.58603796233,0.00033387460792779226,0.023346373934580666,0.0033387460792779224,5,10,1.5018401396984762,7.14309041966139
0.725,0.5,124.01379437534398,468788.2495704413,0.0002645411750166092,0.18112635060178753,0.002645411750166092,186,747,99.45283518786198,153.11265002228598
0.725,0.525,117.2435558255366,451763.9358058132,0.00025952393835158356,0.17443482838638333,0.002595239383515835,179,730,94.23151142514556,146.86500967805628
0.725,0.55,115.53369695101819,429952.2064198603,0.00026871288302727375,0.17619702833619938,0.0026871288302727377,173,698,92.63371379022769,137.83798803108374
0.725,0.575,110.00921575674188,418829.00616082747,0.00026265901868911893,0.16998503656917976,0.002626590186891189,166,676,88.28803326595063,132.3676610366624
0.725,0.6,103.23897720693452,401702.6851598305,0.00025700345310327593,0.16288883828253112,0.0025700345310327596,159,646,83.06710847464376,124.43490340575704
0.725,0.625,96.46873865712713,383252.6598774417,0.0002517105522189366,0.15582746702442976,0.002517105522189366,152,615,77.84743079087485,115.90589840907235
0.725,0.65,89.6211498541552,361056.83588659286,0.00024821895321296453,0.1491498173064273,0.002482189532129645,144,585,72.50800459157819,107.00914760450996
0.725,0.675,82.85091130434783,333583.227722058,0.00024836653770068836,0.14344822754571662,0.0024836653770068835,137,554,67.29135041550117,111.43693268155084
0.725,0.7,75.92597224821137,308744.4218021189,0.0002459185231753725,0.13664407402421247,0.002459185231753725,128,517,61.83283784183198,100.56724988335552
0.725,0.725,71.72459866263074,286558.17293433915,0.0002502968173204588,0.1339867111651141,0.002502968173204588,122,481,58.484904706546224,90.49156617174243
0.725,0.75,63.0898007319758,243689.49395670538,0.0002588942170120166,0.1278029129634729,0.002588942170120166,107,431,51.42274512532102,89.9795077600637
0.725,0.775,58.501675880572385,222145.55756399385,0.0002633483942784663,0.12412220754461314,0.002633483942784663,96,389,47.4652595346497,78.49198650979784
0.725,0.8,51.57673682443589,196968.0614033669,0.0002618532997530647,0.11621333283222689,0.002618532997530647,87,336,42.0065703513734,65.18466909251785
0.725,0.825,49.557476937259224,164249.6948247857,0.0003017203592988404,0.12228041440661644,0.003017203592988404,77,266,39.91926135473759,47.770743209872336
0.725,0.85,37.34010744634012,133242.8706234471,0.0002802409410096369,0.10229480362248762,0.0028024094100963693,64,219,30.480599492367627,34.29125354976217
0.725,0.875,32.98403335443038,103903.1698324353,0.0003174497313953342,0.10232679281937193,0.003174497313953342,56,157,26.888398097456513,22.81154385869644
0.725,0.9,16.178539012107873,41829.66195213833,0.0003867719282699301,0.07910375926783285,0.0038677192826993014,32,83,13.504271173420781,47.20201219805175
0.725,0.925,4.588124851403412,17902.850263737128,0.0002562790161238641,0.03429052526239743,0.002562790161238641,11,37,3.9720865159097865,15.711917406406203
0.725,0.95,1.6325086213538802,3406.744505188384,0.00047919901796791966,0.02796956431868294,0.004791990179679196,5,8,1.5018401396984762,5.163669997521772
0.75,0.5,114.59734060814529,360188.2394316638,0.00031815958452437784,0.19094565267501148,0.0031815958452437784,177,610,92.23975185946716,140.4319942638109
0.75,0.525,107.82710205833793,344646.7671998097,0.0003128626533607522,0.18367110075940696,0.0031286265336075217,170,595,87.02018114330733,135.0893275795617
0.75,0.55,106.11724318381948,327077.0710511679,0.00032444109531364404,0.1855499787394833,0.00324441095313644,164,567,85.4205828818495,127.02730903356371
0.75,0.575,100.59276198954322,318267.0810224999,0.0003160639852113132,0.17830801787308426,0.0031606398521131316,157,549,81.07568509458451,122.34559589689681
0.75,0.6,96.46873865712713,302280.6073701182,0.00031913637959251863,0.17546134616744624,0.003191363795925186,152,524,77.84743079087485,114.20631841272704
0.75,0.625,89.69850010731977,283919.53001893335,0.0003159293061007046,0.16834008701785652,0.0031592930610070454,145,494,72.62929623411603,104.61303397207135
0.75,0.65,84.17401891304348,263516.0262118827,0.000319426564384219,0.16397383227760992,0.0031942656438421896,138,469,68.28587541704289,96.08988227372521
0.75,0.675,78.80423822509633,253462.160508749,0.00031091125423582177,0.15652835061311796,0.0031091125423582176,133,445,64.18687398060361,90.76192311497188
0.75,0.7,71.87929916895983,231322.51733328387,0.00031073195985239035,0.14944964203231528,0.003107319598523903,124,416,58.729475791248646,81.22398948036606
0.75,0.725,67.6779255833792,214861.14323558917,0.00031498448050782394,0.14600512399134447,0.003149844805078239,118,386,55.38210199043566,73.17453174831249
0.75,0.75,59.04312765272427,177168.89451870794,0.000333258994549349,0.14027349484701573,0.00333258994549349,103,343,48.31987146462371,79.38224570633764
0.75,0.775,54.53235305448542,159093.09609962304,0.000342770078598116,0.1367189048472309,0.00342770078598116,93,310,44.48274025541943,69.08031667640712
0.75,0.8,50.25362921574024,140960.8242466316,0.0003565077707534837,0.13384995078062484,0.0035650777075348365,86,270,41.01276368430056,57.43106227035727
0.75,0.825,48.23436932856357,116486.28561219692,0.00041407766652586174,0.14132506889408614,0.004140776665258617,76,218,38.92371539543743,42.25489788752092
0.75,0.85,36.01699983764448,93220.54182840322,0.0003863633393586489,0.11796460626371046,0.003863633393586489,63,178,29.48726217848161,30.147020881116067
0.75,0.875,32.98403335443038,70109.21175139224,0.0004704664698184312,0.12457079004578983,0.0047046646981843115,56,127,26.888398097456513,19.802564896707835
0.75,0.9,16.178539012107873,27860.210820592616,0.0005807041129835836,0.09692752006729774,0.005807041129835835,32,65,13.504271173420781,41.95078797156851
0.75,0.925,4.588124851403412,9968.793589137693,0.0004602487563191975,0.04595300595930176,0.0046024875631919746,11,28,3.9720865159097865,15.922179685811145
0.75,0.95,1.6325086213538802,3406.744505188384,0.00047919901796791966,0.02796956431868294,0.004791990179679196,5,8,1.5018401396984762,5.163669997521772
0.775,0.5,104.63943506879473,287827.4053376867,0.0003635492421092737,0.19504252693708332,0.003635492421092737,161,495,84.18353861407837,129.43695903443265
0.775,0.525,97.86919651898735,275786.54557675676,0.0003548729917709073,0.18636291093162263,0.003548729917709073,154,483,78.96379127388758,125.4363126713323
0.775,0.55,97.48244525316457,261791.32943559653,0.0003723669743506394,0.1905236027142641,0.003723669743506394,149,459,78.36026468774571,118.1402689446068
0.775,0.575,93.28107166758394,253915.73643037002,0.0003673701873659332,0.18511802931161342,0.003673701873659332,143,444,75.01093192636117,113.82221865172014
0.775,0.6,89.23439858833241,239736.66335643304,0.0003722184055580246,0.1822489658776651,0.003722184055580246,139,424,71.90297058131695,106.48910390805553
0.775,0.625,83.7872676472207,225691.48677911673,0.0003712469125130224,0.17636826364721328,0.003712469125130224,133,399,67.67932881035199,97.65203808042882
0.775,0.65,78.26278645294445,206874.85283069056,0.0003783098108932354,0.17206853269261954,0.003783098108932354,126,377,63.33528456203173,90.13144107253062
0.775,0.675,72.89300576499727,198585.75284858927,0.00036706060087087004,0.1635730738703155,0.0036706060087087,121,358,59.235044163041145,85.52421498033452
0.775,0.7,66.04541696202533,178878.42862398608,0.00036921957258947654,0.15615780679240074,0.0036921957258947654,113,334,53.89899608120133,77.3333287158972
0.775,0.725,61.921393629609256,168436.32755275417,0.00036762493298968127,0.1508769305881876,0.003676249329896812,108,313,50.67394823455374,71.21217881703204
0.775,0.75,53.44129620528344,145985.8720719049,0.00036607169890358365,0.13986903193158143,0.0036607169890358364,95,275,43.85725049288522,58.215599459504766
0.775,0.775,48.93052160704459,129496.94351144445,0.0003778507838118997,0.13597218811781656,0.003778507838118997,85,245,40.01931947278615,49.5879684848609
0.775,0.8,44.8064982746285,113530.47028824098,0.00039466495788196675,0.13297952757622006,0.0039466495788196675,80,214,36.79511514292872,40.41408611363034
0.775,0.825,42.78723838745184,93060.04006864617,0.000459781001124539,0.14025961393479205,0.004597810011245389,70,170,34.70103058886633,29.173529854640627
0.775,0.85,33.216084113924055,73825.9591624581,0.00044992417966192936,0.12224859670580651,0.004499241796619293,59,138,27.2559708287508,20.43086973067894
0.775,0.875,30.33781813703908,54482.08534998321,0.0005568402520232907,0.12997429860270682,0.005568402520232906,54,93,24.90192099775109,12.492208918294832
0.775,0.9,14.855431403412224,19006.54489867538,0.0007815955757665109,0.10775406934779717,0.007815955757665109,31,47,12.516253063658525,29.166503430370298
0.775,0.925,3.2650172427077604,6068.713500148327,0.0005380081367538539,0.041911881885909254,0.005380081367538539,10,21,3.0036802793969515,10.600941183489105
0.775,0.95,1.6325086213538802,2665.3237388014113,0.0006124991863419994,0.031621356743118265,0.006124991863419993,5,7,1.5018401396984762,4.183953897454191
0.8,0.5,92.1126645652174,214886.27150962732,0.00042865774494621717,0.1987078435128151,0.004286577449462171,144,389,74.25654848348607,127.08391842503387
0.8,0.525,86.66553362410568,203038.38800575185,0.00042684309344324847,0.19233456389069314,0.004268430934432484,138,379,70.03305724918043,125.04386268313645
0.8,0.55,86.35613261144745,191487.96488357274,0.0004509742043786049,0.19734332569828858,0.004509742043786048,134,360,69.54942548109724,120.17520598643429
0.8,0.575,82.23210927903138,184635.71683299175,0.00044537487485919454,0.19137428087273434,0.004453748748591945,129,349,66.3210438417049,116.74003852813584
0.8,0.6,79.50854380847554,178836.6819078264,0.0004445874468273504,0.18801196901466322,0.004445874468273504,126,336,64.20928488323622,111.00839271911191
0.8,0.625,74.13876312052837,167119.7959555215,0.0004436264578749259,0.1813557743067151,0.004436264578749258,121,315,60.107949776445494,102.8053460036158
0.8,0.65,68.61428192625209,153078.55935909235,0.0004482292112855361,0.1753708227463377,0.004482292112855361,114,296,55.76495575074062,98.94600151299294
0.8,0.675,64.56760884700057,144893.48770284164,0.00044562119299261147,0.16962515993531352,0.004456211929926114,110,278,52.66085011753052,94.09379813881993
0.8,0.7,57.79737029719319,126773.03333686285,0.00045591218239302765,0.16232844861197712,0.004559121823930276,103,257,47.44979633119685,90.86185392870843
0.8,0.725,53.67334696477711,116538.98891733192,0.00046056128908798777,0.15722552549686258,0.004605612890879877,98,238,44.22675757597538,84.07602638322763
0.8,0.75,46.51635714914695,97054.21650203057,0.00047928218706678994,0.14931329943720037,0.004792821870667899,86,204,38.40374204300698,71.6736416349173
0.8,0.775,43.32869015960375,83827.97559002302,0.0005168762558636882,0.14965149896066468,0.005168762558636882,77,181,35.55661054402894,66.45579128783595
0.8,0.8,40.52777443588333,73065.48709033786,0.000554677400367905,0.1499327868306082,0.00554677400367905,73,157,33.32561816567907,54.2099475529909
0.8,0.825,38.58586480187122,56078.27523901621,0.0006880715328246271,0.16294120147951333,0.00688071532824627,64,122,31.352567101267542,39.981904834364364
0.8,0.85,29.01471052834343,40744.27442181749,0.00071211749233671,0.14374241859075373,0.0071211749233671,53,97,23.90969097812217,32.336341800962536
0.8,0.875,26.13644455145845,24246.22653707928,0.001077959265599061,0.16785119175645055,0.01077959265599061,48,61,21.55576238394742,24.59987640633649
0.8,0.9,12.131865932856359,9334.007475128505,0.001299748898335796,0.1255722078367169,0.012997488983357959,28,28,10.420293052886345,15.277659571550437
0.8,0.925,3.1876669895432035,3810.3837404711808,0.0008365737433965183,0.051640279880570635,0.008365737433965183,9,12,2.8678827170066934,6.345325066112808
0.8,0.95,1.6325086213538802,949.4774180879874,0.0017193759327539864,0.05298014754197323,0.017193759327539863,5,3,1.5018401396984762,1.5778588856341647
0.825,0.5,79.43119355531095,167056.7485416721,0.00047547431785131946,0.19433860288637356,0.004754743178513195,125,290,64.08830774320919,88.81456859470205
0.825,0.525,74.06141286736381,156039.2337353876,0.0004746332771215582,0.18748869591921968,0.004746332771215582,120,282,59.986516686029695,86.61324141588341
0.825,0.55,73.75201185470557,147791.52679254636,0.0004990273357026117,0.19184439001065723,0.004990273357026118,116,270,59.5019343609546,84.40226056529119
0.825,0.575,69.70533877545407,145062.20325877942,0.00048052033685925264,0.18301593610740435,0.004805203368592526,112,262,56.39511468233861,81.85145397888098
0.825,0.6,68.30488091359385,141591.4589586255,0.00048240820043780495,0.18152364772294927,0.0048240820043780495,110,253,55.27884025461223,78.67008494566242
0.825,0.625,64.25820783434234,131654.41912199958,0.0004880824226249215,0.17709687109975014,0.004880824226249214,106,237,52.1731411860932,72.3630420281545
0.825,0.65,60.13418450192626,119393.02864124936,0.0005036657934410617,0.17403313405812668,0.0050366579344106165,101,223,48.94666978511832,69.26030932057883
0.825,0.675,56.087511422674744,111949.37775138562,0.0005010077996791772,0.16763138336050024,0.005010077996791772,97,206,45.84327049622325,65.05218501337362
0.825,0.7,49.31727287286737,96261.24233626878,0.0005123274089959036,0.1589546810562687,0.005123274089959036,90,190,40.634133669336045,62.57390360884024
0.825,0.725,45.1932495404513,87926.15275291384,0.0005139909813574051,0.15241037590015535,0.005139909813574052,85,177,37.41254462701893,57.74310418548515
0.825,0.75,39.43671758668135,71719.1483807119,0.0005498771036339779,0.14725945824766398,0.005498771036339778,75,150,32.70519003521705,48.52323909391139
0.825,0.775,36.326400850302704,61889.49161377796,0.0005869558773724949,0.14602052760784823,0.005869558773724948,67,129,29.979744767890164,42.01082421307408
0.825,0.8,33.602835379746836,56004.11508393588,0.0006000065411155012,0.14199267948692104,0.006000065411155012,64,115,27.873776018459004,35.94524330743474
0.825,0.825,31.660925745734733,42353.45841762463,0.0007475405062213198,0.15384350639335467,0.007475405062213197,55,88,25.894853776508697,25.74898833599047
0.825,0.85,23.49022933406715,28814.38411075138,0.0008152257998567579,0.1383829505310664,0.008152257998567579,46,68,19.574471307586634,19.095049274085206
0.825,0.875,22.012421219042377,16449.421102942015,0.0013381882001370496,0.17162972449948438,0.013381882001370497,43,41,18.33547522833402,14.366368687304917
0.825,0.9,10.731408070996151,7333.630639629304,0.0014633145025065779,0.12531330760380083,0.014633145025065776,26,21,9.311396970845916,11.822000657888081
0.825,0.925,3.1876669895432035,2756.8779965326867,0.00115625972333644,0.060710550577456696,0.011562597233364402,9,8,2.8678827170066934,4.455151984487453
0.825,0.95,1.6325086213538802,104.02832585050716,0.015692924095499335,0.16005884505441964,0.15692924095499333,5,1,1.5018401396984762,1.0
0.85,0.5,68.5450849779857,127046.82861635668,0.0005395261394912209,0.19230669535736478,0.005395261394912209,97,199,54.59019668374893,57.800966845348256
0.85,0.525,63.25265454320309,116859.68250766314,0.0005412701214471918,0.1850318134982652,0.005412701214471917,93,193,50.60277179046599,55.356663295726015
0.85,0.55,63.02060378370942,109754.42923996442,0.0005741964512969468,0.1902267253863055,0.005741964512969467,90,186,50.24357310340088,53.547794157846646
0.85,0.575,60.297038313153564,107129.13403204798,0.0005628444480389017,0.1842222930259729,0.005628444480389017,87,179,48.13012815991781,51.40278218737959
0.85,0.6,58.89658045129335,105349.28791636904,0.0005590600716546664,0.1814572304630347,0.005590600716546663,85,174,47.01360597343938,49.96158834639444
0.85,0.625,54.92725762520639,97400.15084712309,0.0005639340098293982,0.17599814954003076,0.005639340098293983,82,165,44.02379197134383,45.614101958710116
0.85,0.65,50.88058454595488,85138.76036637288,0.0005976195134507866,0.1743766904733691,0.005976195134507867,78,151,40.915053778015185,41.595112940845695
0.85,0.675,46.83391146670336,80424.43301027609,0.0005823343692173651,0.16514537926307424,0.005823343692173651,74,142,37.80736233192242,39.72823472063611
0.85,0.7,41.46413077875619,65045.77624618349,0.0006374607725768985,0.16257846364280687,0.006374607725768984,69,129,33.70655127973837,35.77377620148175
0.85,0.725,38.66321505503578,59884.42638007742,0.0006456305485777919,0.15799415415060106,0.006456305485777919,65,122,31.47442797598899,33.73865054972205
0.85,0.75,33.061383607594934,50885.13831073446,0.0006497257294596068,0.14656340464586823,0.006497257294596068,57,103,27.010662874422394,28.138335926888285
0.85,0.775,30.105767377545412,43576.74842586645,0.0006908676866692311,0.14421893725695945,0.006908676866692311,51,88,24.534348292288474,24.076832769306815
0.85,0.8,28.7053095156852,40019.66252103582,0.0007172801494914313,0.14349128440643524,0.007172801494914312,49,78,23.418401081288202,20.905008337265688
0.85,0.825,26.84075013483765,28697.296479735975,0.0009353058799037293,0.1584434013209148,0.009353058799037292,41,55,21.57397190404805,13.571605468832246
0.85,0.85,20.07051158503027,19177.41098234911,0.0010465704470485184,0.14493172282850156,0.010465704470485181,34,43,16.356232194858976,9.86593166962917
0.85,0.875,18.592703470005507,8944.4075986552,0.002078695907462998,0.1965924123962406,0.02078695907462998,31,24,15.118234677135398,5.797030377304204
0.85,0.9,8.866848690148599,2468.9927379054384,0.0035912818025016792,0.17844705754499432,0.03591281802501679,18,11,7.434273584126084,5.047088641118947
0.85,0.925,1.7872091276829942,1170.0081379082335,0.0015275185443395347,0.05224935487782272,0.015275185443395345,7,5,1.7879064131320197,2.2978339569927093
0.85,0.95,1.5551583681893233,104.02832585050716,0.014949374177415369,0.15247506140743441,0.14949374177415364,4,1,1.3675043789748758,1.0
0.875,0.5,50.184432267473866,83798.83852590702,0.0005988678739498159,0.17336044605791892,0.005988678739498159,69,126,39.83700938507004,36.70045955383375
0.875,0.525,47.53821705008256,76904.24823643657,0.0006181481275771624,0.17142246019079665,0.006181481275771623,67,121,37.842365988252396,34.86663797323658
0.875,0.55,47.306166290588884,76592.16325888506,0.0006176371612679466,0.1709328706194006,0.006176371612679465,64,118,37.48509055703171,34.59084825913797
0.875,0.575,44.58260082003303,74916.34546905661,0.0005950984466860759,0.16288350590906076,0.005950984466860759,61,114,35.37100777081281,33.31336763176298
0.875,0.6,43.18214295817282,73966.86805096864,0.0005838038583493508,0.15877626293238717,0.005838038583493508,59,111,34.25451114965298,32.584807292177885
0.875,0.625,39.21282013208586,66863.18007396016,0.0005864635826281508,0.15164725839795573,0.005864635826281508,56,104,31.26266770878277,28.97340407813417
0.875,0.65,36.48925466153,58917.690367078525,0.000619325951750463,0.1503287809167529,0.00619325951750463,53,95,29.14926835642331,26.29631049288741
0.875,0.675,32.442581582278486,55254.26242839292,0.0005871507492172688,0.13801697751572875,0.005871507492172687,49,90,26.039820483075044,25.204308866552907
0.875,0.7,29.719016111722624,44323.089226785145,0.000670508681370588,0.14116252443443478,0.0067050868137058794,46,83,23.927416242492814,22.317562441810782
0.875,0.725,29.641665858558067,40007.18845291659,0.0007409084968178298,0.14819501373001942,0.007409084968178297,45,78,23.806884446518275,20.892728447457312
0.875,0.75,25.36294201981288,34166.559706176,0.0007423323342451783,0.13721418276873865,0.007423323342451782,38,65,20.337161441810796,18.083049128608426
0.875,0.775,22.562026296092462,28015.703891097,0.0008053349786889474,0.13479610145083237,0.008053349786889473,34,55,18.104196984627674,15.094541954570332
0.875,0.8,21.238918687396815,26238.464101945323,0.0008094573906794399,0.13111826608658697,0.008094573906794399,33,50,17.10825486631612,13.533980296492215
0.875,0.825,19.761110572372047,20120.082784163784,0.000982158512186924,0.13931454683170105,0.00982158512186924,30,34,15.871256297678848,8.62710767550047
0.875,0.85,12.99087202256467,12187.067145401366,0.0010659555631862263,0.11767621808629437,0.010659555631862263,23,25,10.654694279109162,6.030107264675671
0.875,0.875,11.513063907539903,6594.523581246782,0.0017458522614552858,0.1417748519987158,0.017458522614552857,20,14,9.41631046418498,3.449625797853469
0.875,0.9,7.311690321959275,1378.064789609248,0.005305766736869109,0.19696223826038153,0.05305766736869109,14,7,6.070321743648987,3.0759677349750345
0.875,0.925,1.5551583681893233,1170.0081379082335,0.0013291859413641941,0.04546531248756716,0.013291859413641941,4,5,1.3675043789748758,2.2978339569927093
0.875,0.95,1.4004578618602093,104.02832585050716,0.01346227434124743,0.13730749411346393,0.1346227434124743,2,1,1.1165238467422418,1.0
0.9,0.5,25.440292272977437,33692.18351571625,0.0007550799508470685,0.13859817689643272,0.007550799508470684,39,60,20.4575268890076,14.052357936217831
0.9,0.525,24.117184664281783,30206.651439438643,0.0007984064275589884,0.1387635227665745,0.007984064275589883,38,57,19.46185769771872,13.049550153672513
0.9,0.55,24.039834411117226,30206.651439438643,0.0007958457248833001,0.1383184710839087,0.007958457248833,37,57,19.34109114271385,13.049550153672513
0.9,0.575,22.63937654925702,29465.230673051672,0.00076834207749687,0.13188929301156352,0.007683420774968699,35,56,18.224666401947648,12.515202324024754
0.9,0.6,22.562026296092462,29465.230673051672,0.0007657169409750202,0.13143867679508148,0.007657169409750202,34,56,18.104196984627674,12.515202324024754
0.9,0.625,21.23891868739681,27982.38914027773,0.0007590101967678522,0.12696675097070675,0.007590101967678522,33,54,17.108254866316116,11.469002308714353
0.9,0.65,19.838460825536604,21060.244388041556,0.0009419862590389166,0.13670244144907334,0.009419862590389167,31,49,15.991859363427178,9.527628424371331
0.9,0.675,17.11489535498074,20778.320199783047,0.0008236900380021788,0.1187323410252969,0.008236900380021788,28,46,13.880412235546535,9.279562846105986
0.9,0.7,15.71443749312053,16536.28696247197,0.0009503002414498142,0.12220242937012527,0.009503002414498142,26,42,12.764251032517054,7.7875741938906415
0.9,0.725,15.637087239955974,12961.806954990374,0.0012063971708771361,0.13734823554396997,0.01206397170877136,25,38,12.642812736297424,6.929353165748381
0.9,0.75,12.836171516235556,12104.632211947852,0.001060434657697872,0.11667013820155707,0.010604346576978719,21,30,10.410309176659904,6.0662069781103884
0.9,0.775,10.035255792515136,10934.62407403962,0.0009177504159782031,0.09596801643270761,0.009177504159782031,17,25,8.178116097429488,5.075370260058168
0.9,0.8,10.035255792515136,10845.676142835626,0.000925277102169805,0.09636074096451912,0.00925277102169805,17,24,8.178116097429488,4.994812140689651
0.9,0.825,8.634797930654928,8817.74484457068,0.000979252414632025,0.09195459055127946,0.00979252414632025,15,17,7.062232848138733,3.472470856568528
0.9,0.85,7.311690321959275,8404.237867695929,0.0008700004018286809,0.07975696532686939,0.00870000401828681,14,13,6.070321743648987,3.1605127109479283
0.9,0.875,7.234340068794717,4903.62539677182,0.0014753043887808528,0.10330950417762162,0.014753043887808527,13,10,5.94660531523844,2.0935643360610907
0.9,0.9,5.756531953769951,1274.0364637587406,0.004518341599726806,0.16127609183284233,0.04518341599726806,10,6,4.708155232092488,2.676001023090785
0.9,0.925,1.4778081150247664,1065.9798120577263,0.0013863378070660293,0.045263023114323876,0.013863378070660293,3,4,1.239045597354347,1.9426765117996607
0.9,0.95,1.4004578618602093,0.0,,,,2,0,1.1165238467422418,0.0
0.925,0.5,14.004578618602094,9985.146655951634,0.0014025411044167972,0.14014990960620005,0.014025411044167971,20,22,11.165238467422423,4.337421025675279
0.925,0.525,14.004578618602094,6692.590836728541,0.0020925496508386256,0.1711878386407688,0.02092549650838626,20,21,11.165238467422423,3.6877542651128623
0.925,0.55,13.927228365437538,6692.590836728541,0.002080992056021972,0.17024233195912053,0.02080992056021972,19,21,11.046005448050135,3.6877542651128623
0.925,0.575,13.849878112272979,6692.590836728541,0.0020694344612053185,0.16929682527747225,0.020694344612053182,18,21,10.927372825462209,3.6877542651128623
0.925,0.6,13.849878112272979,6692.590836728541,0.0020694344612053185,0.16929682527747225,0.020694344612053182,18,21,10.927372825462209,3.6877542651128623
0.925,0.625,13.849878112272979,6692.590836728541,0.0020694344612053185,0.16929682527747225,0.020694344612053182,18,21,10.927372825462209,3.6877542651128623
0.925,0.65,13.849878112272979,6576.088442758802,0.0021060966914950244,0.17078987812475152,0.02106096691495024,18,20,10.927372825462209,3.5644646046418607
0.925,0.675,12.526770503577326,6576.088442758802,0.0019048969022566998,0.15447396650421408,0.019048969022567,17,20,9.929514946582293,3.5644646046418607
0.925,0.7,11.203662894881676,6472.060116908294,0.0017310814010537453,0.1392639668435652,0.01731081401053745,16,19,8.932190773937934,3.455665220670909
0.925,0.725,11.126312641717119,6279.083859853789,0.0017719643327038157,0.14041164180948212,0.017719643327038154,15,17,8.813032784983815,3.257698319579911
0.925,0.75,8.325396917996699,5966.9988823022695,0.0013952402341970071,0.10777721811982695,0.013952402341970071,11,14,6.580110170607676,2.949828577707164
0.925,0.775,6.924939056136489,5225.578115915297,0.0013252005620288268,0.09579631062419601,0.013252005620288268,9,13,5.4636864127311044,2.370264650639007
0.925,0.8,6.924939056136489,5225.578115915297,0.0013252005620288268,0.09579631062419601,0.013252005620288268,9,13,5.4636864127311044,2.370264650639007
0.925,0.825,5.601831447440837,5005.047396095049,0.0011192364435572378,0.0791819039089158,0.011192364435572378,8,11,4.466095386968967,2.1790396562668124
0.925,0.85,5.601831447440837,4695.5687450708065,0.0011930038194673189,0.0817496563467337,0.011930038194673186,8,8,4.466095386968967,1.9233013013687283
0.925,0.875,5.52448119427628,4591.5404192203,0.0012031868806273965,0.08152903344959997,0.012031868806273964,7,7,4.347312741937177,1.8407631525050883
0.925,0.9,4.124023332416071,961.9514862072192,0.004287142742173271,0.13296720158791334,0.04287142742173271,5,3,3.231039302239601,1.6118298957482866
0.925,0.925,1.4004578618602093,961.9514862072192,0.0014558508219389861,0.04515371224251778,0.01455850821938986,2,3,1.1165238467422418,1.6118298957482866
0.925,0.95,1.4004578618602093,0.0,,,,2,0,1.1165238467422418,0.0
0.95,0.5,0.0,0.0,,,,0,0,0.0,0.0
0.95,0.525,0.0,0.0,,,,0,0,0.0,0.0
0.95,0.55,0.0,0.0,,,,0,0,0.0,0.0
0.95,0.575,0.0,0.0,,,,0,0,0.0,0.0
0.95,0.6,0.0,0.0,,,,0,0,0.0,0.0
0.95,0.625,0.0,0.0,,,,0,0,0.0,0.0
0.95,0.65,0.0,0.0,,,,0,0,0.0,0.0
0.95,0.675,0.0,0.0,,,,0,0,0.0,0.0
0.95,0.7,0.0,0.0,,,,0,0,0.0,0.0
0.95,0.725,0.0,0.0,,,,0,0,0.0,0.0
0.95,0.75,0.0,0.0,,,,0,0,0.0,0.0
0.95,0.775,0.0,0.0,,,,0,0,0.0,0.0
0.95,0.8,0.0,0.0,,,,0,0,0.0,0.0
0.95,0.825,0.0,0.0,,,,0,0,0.0,0.0
0.95,0.85,0.0,0.0,,,,0,0,0.0,0.0
0.95,0.875,0.0,0.0,,,,0,0,0.0,0.0
0.95,0.9,0.0,0.0,,,,0,0,0.0,0.0
0.95,0.925,0.0,0.0,,,,0,0,0.0,0.0
0.95,0.95,0.0,0.0,,,,0,0,0.0,0.0
