artifact_type	stable_path	size_bytes	sha256	copied_to_repository
original_ttbar_source	/tmp/iturkmen_track_b_ttbar_input_20260804_v1/ttbar_forinfer2_selected_ntuples_0000.root	1584222050	5d03b5078c35bb8ef555eed03bad7cbcfb73f1d7a82ec8fbf41792ce3949d172	false
deterministic_source_skim	/tmp/iturkmen_track_b_ttbar_64_source_skim_20260804_v1/ttbar_64_source_skim.root	369928	ee58fd5fb9c3acd163d898c7e660e76568e844f88a9d27f47885877ba6d9bc9a	false
ensemble_events_tree	/tmp/iturkmen_track_b_ttbar_64_inference_20260804_v1/ttbar_64_ensemble_events.root	139577	af2d9e35926a70ec1c192f8b54b32e2a69f539c9ee65deee05d56df999bb92c1	false
model_score_archive	/tmp/iturkmen_track_b_ttbar_64_inference_20260804_v1/ttbar_64_model_scores.npz	135410	07fc8683dc1d336f359b14e2ade6a95d12a41b4d839366d076703c9d9dc3586b	false
source_copy_receipt	/tmp/iturkmen_track_b_ttbar_input_20260804_v1/ttbar_source_copy_receipt.json	3882	43137bab0f3e2341f3947ccb956feeb88ea7ea55c73818f64739ce2003164e95	true
source_skim_receipt	/tmp/iturkmen_track_b_ttbar_64_source_skim_20260804_v1/ttbar_64_source_skim_receipt.json	4169	fd2dff8a7eb26dfaefcfcd04fec288fbe12fb8942c1b095321f2bc85349c9370	true
inference_receipt	/tmp/iturkmen_track_b_ttbar_64_inference_20260804_v1/ttbar_64_real_inference_receipt.json	22235	c7818028cc8646844fb52d59748bb4e54a439248d8f50fe39d6294e8c66f12e8	true
source_skim_memory	/tmp/iturkmen_track_b_ttbar_64_source_skim_20260804_v1/memory_state.txt	824	54a3744577581d6e3f939f4d4ff66b4ed2b52fabaa0e27c4bc41b38312abb2d4	true
inference_memory	/tmp/iturkmen_track_b_ttbar_64_inference_20260804_v1/memory_state.txt	824	50cd5bb56a5702523a3d599a10b5b0b3d85513219b7fb2b2e761c60e11aba61e	true
